thread_id,affordance,tone_bias,workspace_id,updated_at
791,"{""branch"": 0.6974873734152915, ""expand"": 0.6413050703072084, ""clarify"": 0.04, ""conclude"": 0.5890576474687264, ""describe"": 0.43849933782589484}",,default,2026-01-23 11:55:55.575111+09
792,"{""branch"": 0.6974873734152915, ""expand"": 0.6413050703072084, ""clarify"": 0.04, ""conclude"": 0.5890576474687264, ""describe"": 0.43849933782589484}",,default,2026-01-23 12:11:28.003159+09
794,"{""branch"": 0.6974873734152915, ""expand"": 0.6413050703072084, ""clarify"": 0.04862130310416656, ""conclude"": 0.5890576474687264, ""describe"": 0.43849933782589484}",,default,2026-01-23 12:38:57.132912+09
796,"{""branch"": 0.6281644955126299, ""expand"": 0.8690925526697454, ""clarify"": 0.2034976723969197, ""conclude"": 0.15, ""describe"": 0.5546417107912192}",,default,2026-01-23 13:45:55.159814+09
799,"{""branch"": 0.7, ""expand"": 0.8644843137107057, ""clarify"": 0.04, ""conclude"": 0.8509529358847655, ""describe"": 0.47810752831547465}",,default,2026-01-23 20:21:15.854934+09
795,"{""branch"": 0.6281644955126299, ""expand"": 0.8690925526697454, ""clarify"": 0.15106688651883793, ""conclude"": 0.15, ""describe"": 0.5546417107912192}",,default,2026-01-23 22:27:59.6931+09
798,"{""branch"": 0.7, ""expand"": 0.8644843137107057, ""clarify"": 0.04, ""conclude"": 0.8509529358847655, ""describe"": 0.47810752831547465}",,default,2026-01-23 23:48:03.575+09
801,"{""branch"": 0.4047520627640808, ""expand"": 0.6090716206982713, ""clarify"": 0.2945288237343632, ""conclude"": 0.15, ""describe"": 0.4998666809126817}",,default,2026-01-24 03:18:53.735581+09
800,"{""branch"": 0.3499999999999999, ""expand"": 0.5470541566592572, ""clarify"": 0.32714786244139804, ""conclude"": 0.15, ""describe"": 0.5927014696406862}",,default,2026-01-24 03:35:40.647776+09
802,"{""branch"": 0.7, ""expand"": 0.8644843137107057, ""clarify"": 0.04, ""conclude"": 0.8509529358847655, ""describe"": 0.47810752831547465}",,default,2026-01-24 03:38:13.572556+09
804,"{""branch"": 0.7999999999999999, ""expand"": 0.9844843137107057, ""clarify"": 0.09243078587808179, ""conclude"": 0.8509529358847655, ""describe"": 0.47810752831547465}",,default,2026-01-24 03:50:23.851371+09
803,"{""branch"": 0.7999999999999999, ""expand"": 0.9844843137107057, ""clarify"": 0.04, ""conclude"": 0.8509529358847655, ""describe"": 0.47810752831547465}",,default,2026-01-24 03:58:50.078496+09
805,"{""branch"": 0.45815594803123155, ""expand"": 0.6693689601226458, ""clarify"": 0.260197754634052, ""conclude"": 0.15, ""describe"": 0.5239756767195808}",,default,2026-01-24 17:36:23.467558+09
807,"{""branch"": 0.7, ""expand"": 0.8644843137107057, ""clarify"": 0.04, ""conclude"": 0.8509529358847655, ""describe"": 0.47810752831547465}",,default,2026-01-24 19:44:27.649512+09
797,"{""branch"": 0.5974873734152916, ""expand"": 0.5213050703072084, ""clarify"": 0.04, ""conclude"": 0.5890576474687264, ""describe"": 0.43849933782589484}",,default,2026-01-25 08:02:07.62157+09
813,"{""branch"": 0.7999999999999999, ""expand"": 0.9844843137107057, ""clarify"": 0.1277291592367327, ""conclude"": 0.8509529358847655, ""describe"": 0.47810752831547465}",,default,2026-01-26 11:15:55.295085+09
812,"{""branch"": 0.34999999999999987, ""expand"": 0.7545207078751854, ""clarify"": 0.04, ""conclude"": 0.7145033635316128, ""describe"": 0.46026111016415544}",,default,2026-01-27 10:35:05.415254+09
810,"{""branch"": 0.5557248383023655, ""expand"": 0.7810416889260654, ""clarify"": 0.189802245365948, ""conclude"": 0.15, ""describe"": 0.5665642376882526}",,default,2026-01-27 13:23:11.427072+09
816,"{""branch"": 0.2952479372359191, ""expand"": 0.4842946204609358, ""clarify"": 0.3572516817658064, ""conclude"": 0.15, ""describe"": 0.4470873250031298}",,default,2026-01-28 00:27:55.839489+09
814,"{""branch"": 0.8535533905932737, ""expand"": 0.9455032620941839, ""clarify"": 0.04, ""conclude"": 0.15, ""describe"": 0.7308322297098249}",,default,2026-01-28 02:35:23.819589+09
818,"{""branch"": 0.4047520627640808, ""expand"": 0.6090716206982713, ""clarify"": 0.2945288237343632, ""conclude"": 0.15, ""describe"": 0.4998666809126817}",,default,2026-01-28 10:46:07.509576+09
811,"{""branch"": 0.6890041063950209, ""expand"": 0.6299951667871762, ""clarify"": 0.04, ""conclude"": 0.7875499813337068, ""describe"": 0.47088664118066065}",,default,2026-01-28 16:43:21.979223+09
817,"{""branch"": 0.28441653989499627, ""expand"": 0.55, ""clarify"": 0.03, ""conclude"": 0.15, ""describe"": 0.5519116382087205}",,default,2026-01-29 01:09:19.005037+09
815,"{""branch"": 0.7999999999999999, ""expand"": 0.9844843137107057, ""clarify"": 0.07719647711407873, ""conclude"": 0.8509529358847655, ""describe"": 0.47810752831547465}",,default,2026-01-29 19:45:53.557612+09
826,"{""branch"": 0.5557248383023655, ""expand"": 0.7810416889260654, ""clarify"": 0.189802245365948, ""conclude"": 0.15, ""describe"": 0.5665642376882526}",,default,2026-01-30 01:56:40.208065+09
828,"{""branch"": 0.8535533905932737, ""expand"": 0.9455032620941839, ""clarify"": 0.04, ""conclude"": 0.15, ""describe"": 0.7308322297098249}",,default,2026-01-30 16:59:15.980941+09
830,"{""branch"": 0.7, ""expand"": 0.6732610604708436, ""clarify"": 0.04, ""conclude"": 0.8509529358847655, ""describe"": 0.47810752831547465}",,default,2026-01-30 21:03:42.856895+09
832,"{""branch"": 0.5557248383023655, ""expand"": 0.7810416889260654, ""clarify"": 0.189802245365948, ""conclude"": 0.15, ""describe"": 0.5665642376882526}",,default,2026-01-31 00:45:57.280249+09
831,"{""branch"": 0.5974873734152916, ""expand"": 0.5213050703072084, ""clarify"": 0.04, ""conclude"": 0.5890576474687264, ""describe"": 0.43849933782589484}",,default,2026-01-31 03:03:07.74165+09
825,"{""branch"": 0.5974873734152916, ""expand"": 0.5213050703072084, ""clarify"": 0.04, ""conclude"": 0.5890576474687264, ""describe"": 0.43849933782589484}",,default,2026-01-31 17:53:39.748361+09
833,"{""branch"": 0.7, ""expand"": 0.5794811649636483, ""clarify"": 0.04, ""conclude"": 0.8509529358847655, ""describe"": 0.47810752831547465}",,default,2026-02-01 02:17:09.230441+09
829,"{""branch"": 0.7265542543314916, ""expand"": 0.6685285012387392, ""clarify"": 0.036500000000000005, ""conclude"": 0.6416006812042827, ""describe"": 0.44809696827947765}",,default,2026-02-01 22:05:01.348066+09
834,"{""branch"": 0.7, ""expand"": 0.5794811649636483, ""clarify"": 0.04, ""conclude"": 0.8509529358847655, ""describe"": 0.47810752831547465}",,default,2026-02-01 23:25:50.000004+09
788,"{""branch"": 0.5186137859356004, ""expand"": 0.4947760303211313, ""clarify"": 0.21793257920742112, ""conclude"": 0.15, ""describe"": 0.5504988879641303}",,default,2026-02-02 12:22:17.921577+09
806,"{""branch"": 0.7, ""expand"": 0.5794811649636483, ""clarify"": 0.04, ""conclude"": 0.8509529358847655, ""describe"": 0.47810752831547465}",,default,2026-02-02 22:59:12.474331+09
835,"{""branch"": 0.7, ""expand"": 0.5794811649636483, ""clarify"": 0.04, ""conclude"": 0.8509529358847655, ""describe"": 0.47810752831547465}",,default,2026-02-03 13:25:31.131564+09
837,"{""branch"": 0.8535533905932737, ""expand"": 0.9455032620941839, ""clarify"": 0.04, ""conclude"": 0.15, ""describe"": 0.7308322297098249}",,default,2026-02-03 14:27:10.188904+09
836,"{""branch"": 0.5974873734152916, ""expand"": 0.5213050703072084, ""clarify"": 0.04, ""conclude"": 0.5890576474687264, ""describe"": 0.43849933782589484}",,default,2026-02-03 19:21:14.317128+09
838,"{""branch"": 0.34999999999999987, ""expand"": 0.7545207078751854, ""clarify"": 0.0335, ""conclude"": 0.7145033635316128, ""describe"": 0.5753263877051943}",,default,2026-02-03 22:50:21.571181+09
808,"{""branch"": 0.8535533905932737, ""expand"": 0.9455032620941839, ""clarify"": 0.04, ""conclude"": 0.15, ""describe"": 0.7308322297098249}",,default,2026-02-04 00:26:57.631916+09
841,"{""branch"": 0.9535533905932737, ""expand"": 1, ""clarify"": 0.04, ""conclude"": 0.15, ""describe"": 0.7308322297098249}",,default,2026-02-04 01:25:36.217979+09
842,"{""branch"": 0.8535533905932737, ""expand"": 0.9455032620941839, ""clarify"": 0.04, ""conclude"": 0.15, ""describe"": 0.7308322297098249}",,default,2026-02-04 01:26:15.544638+09
843,"{""branch"": 0.7999999999999999, ""expand"": 0.6994811649636483, ""clarify"": 0.04, ""conclude"": 0.8509529358847655, ""describe"": 0.47810752831547465}",,default,2026-02-04 02:06:05.478901+09
840,"{""branch"": 0.8535533905932737, ""expand"": 0.9455032620941839, ""clarify"": 0.04, ""conclude"": 0.15, ""describe"": 0.7308322297098249}",,default,2026-02-04 10:19:51.864872+09
845,"{""branch"": 0.5557248383023655, ""expand"": 0.7810416889260654, ""clarify"": 0.13737145948786622, ""conclude"": 0.15, ""describe"": 0.5665642376882526}",,default,2026-02-04 11:12:44.155129+09
846,"{""branch"": 0.7, ""expand"": 0.5794811649636483, ""clarify"": 0.04, ""conclude"": 0.8509529358847655, ""describe"": 0.47810752831547465}",,default,2026-02-04 11:16:40.292106+09
844,"{""branch"": 0.6557248383023655, ""expand"": 0.9010416889260654, ""clarify"": 0.189802245365948, ""conclude"": 0.15, ""describe"": 0.5665642376882526}",,default,2026-02-04 12:50:06.62871+09
847,"{""branch"": 0.7, ""expand"": 0.8644843137107057, ""clarify"": 0.04, ""conclude"": 0.8509529358847655, ""describe"": 0.47810752831547465}",,default,2026-02-05 19:24:46.023281+09
850,"{""branch"": 0.5974873734152916, ""expand"": 0.55, ""clarify"": 0.03, ""conclude"": 0.5890576474687264, ""describe"": 0.5481241722823685}",,default,2026-02-07 00:00:01.066601+09
849,"{""branch"": 0.5974873734152916, ""expand"": 0.55, ""clarify"": 0.03, ""conclude"": 0.5890576474687264, ""describe"": 0.5481241722823685}",,default,2026-02-07 16:58:21.227805+09
853,"{""branch"": 0.7999999999999999, ""expand"": 0.7932610604708435, ""clarify"": 0.03, ""conclude"": 0.8509529358847655, ""describe"": 0.5976344103943433}",,default,2026-02-07 18:03:23.687623+09
851,"{""branch"": 0.5557248383023655, ""expand"": 0.7810416889260654, ""clarify"": 0.189802245365948, ""conclude"": 0.15, ""describe"": 0.5665642376882526}",,default,2026-02-09 22:08:51.190452+09
855,"{""branch"": 0.7, ""expand"": 0.5794811649636483, ""clarify"": 0.04, ""conclude"": 0.8509529358847655, ""describe"": 0.47810752831547465}",,default,2026-02-09 23:31:52.02353+09
856,"{""branch"": 0.7, ""expand"": 0.5794811649636483, ""clarify"": 0.04, ""conclude"": 0.8509529358847655, ""describe"": 0.47810752831547465}",,default,2026-02-09 23:32:55.372223+09
854,"{""branch"": 0.5974873734152916, ""expand"": 0.5213050703072084, ""clarify"": 0.04, ""conclude"": 0.5890576474687264, ""describe"": 0.43849933782589484}",,default,2026-02-10 12:38:32.828303+09
857,"{""branch"": 0.46855827208585193, ""expand"": 0.6811376833522729, ""clarify"": 0.2531999775519685, ""conclude"": 0.15, ""describe"": 0.5285867920962811}",,default,2026-02-10 20:43:14.151481+09
860,"{""branch"": 0.38293790966148, ""expand"": 0.584416722356367, ""clarify"": 0.30782802435405254, ""conclude"": 0.15, ""describe"": 0.4897635789781549}",,default,2026-02-12 14:51:41.989979+09
859,"{""branch"": 0.7, ""expand"": 0.8644843137107057, ""clarify"": 0.04, ""conclude"": 0.8509529358847655, ""describe"": 0.47810752831547465}",,default,2026-02-13 13:33:41.512512+09
858,"{""branch"": 0.17183550448736998, ""expand"": 0.05029737421681446, ""clarify"": 0.35342771251760313, ""conclude"": 0.15, ""describe"": 0.37798584436068405}",,default,2026-02-13 18:09:47.299703+09
848,"{""branch"": 0.34999999999999987, ""expand"": 0.7545207078751854, ""clarify"": 0.04, ""conclude"": 0.7145033635316128, ""describe"": 0.46026111016415544}",,default,2026-02-13 18:22:09.696093+09
861,"{""branch"": 0.6974873734152915, ""expand"": 0.6413050703072084, ""clarify"": 0.10969475341293344, ""conclude"": 0.5890576474687264, ""describe"": 0.43849933782589484}",,default,2026-02-13 21:38:57.331989+09
866,"{""branch"": 0.44999999999999984, ""expand"": 0.8745207078751854, ""clarify"": 0.036500000000000005, ""conclude"": 0.7145033635316128, ""describe"": 0.46026111016415544}",,default,2026-02-14 16:03:05.777325+09
867,"{""branch"": 0.34999999999999987, ""expand"": 0.7545207078751854, ""clarify"": 0.03, ""conclude"": 0.7145033635316128, ""describe"": 0.5753263877051943}",,default,2026-02-14 16:06:47.982443+09
871,"{""branch"": 0.3499999999999999, ""expand"": 0.5470541566592572, ""clarify"": 0.32714786244139804, ""conclude"": 0.15, ""describe"": 0.47416117571254895}",,default,2026-02-14 16:38:48.391509+09
864,"{""branch"": 0.37197668183525967, ""expand"": 0.5720053912761262, ""clarify"": 0.3143582753928256, ""conclude"": 0.15, ""describe"": 0.4846206508100821}",,default,2026-02-16 16:59:23.184925+09
874,"{""branch"": 0.6915708666785616, ""expand"": 0.8162850809565623, ""clarify"": 0.04, ""conclude"": 0.7967309592491051, ""describe"": 0.4720803570629844}",,default,2026-02-16 17:31:47.300663+09
873,"{""branch"": 0.34999999999999987, ""expand"": 0.7545207078751854, ""clarify"": 0.03, ""conclude"": 0.7145033635316128, ""describe"": 0.5753263877051943}",,default,2026-02-16 17:49:22.810595+09
875,"{""branch"": 0.38293790966148, ""expand"": 0.584416722356367, ""clarify"": 0.30782802435405254, ""conclude"": 0.15, ""describe"": 0.4897635789781549}",,default,2026-02-16 17:50:13.565151+09
876,"{""branch"": 0.5557248383023655, ""expand"": 0.7810416889260654, ""clarify"": 0.26725405471198793, ""conclude"": 0.15, ""describe"": 0.5665642376882526}",,default,2026-02-16 18:28:02.689979+09
880,"{""branch"": 0.6915708666785616, ""expand"": 0.8162850809565623, ""clarify"": 0.04, ""conclude"": 0.7967309592491051, ""describe"": 0.4720803570629844}",,default,2026-02-17 21:27:21.898176+09
882,"{""branch"": 0.28441653989499627, ""expand"": 0.4717407327589877, ""clarify"": 0.2555146069314623, ""conclude"": 0.15, ""describe"": 0.4415293105669764}",,default,2026-02-17 23:51:03.774097+09
865,"{""branch"": 0.45815594803123155, ""expand"": 0.6693689601226458, ""clarify"": 0.260197754634052, ""conclude"": 0.15, ""describe"": 0.5239756767195808}",,default,2026-02-18 15:39:04.315774+09
872,"{""branch"": 0.7915708666785616, ""expand"": 0.9362850809565623, ""clarify"": 0.04, ""conclude"": 0.7967309592491051, ""describe"": 0.4720803570629844}",,default,2026-02-19 01:47:54.976714+09
879,"{""branch"": 0.7, ""expand"": 0.6732610604708436, ""clarify"": 0.04, ""conclude"": 0.8509529358847655, ""describe"": 0.47810752831547465}",,default,2026-02-19 19:14:52.487234+09
884,"{""branch"": 0.7999999999999999, ""expand"": 0.6994811649636483, ""clarify"": 0.04, ""conclude"": 0.8509529358847655, ""describe"": 0.47810752831547465}",,default,2026-02-19 20:28:30.804351+09
885,"{""branch"": 0.4047520627640808, ""expand"": 0.6090716206982713, ""clarify"": 0.21234885918928298, ""conclude"": 0.15, ""describe"": 0.4998666809126817}",,default,2026-02-19 20:47:16.942516+09
881,"{""branch"": 0.6375393782426488, ""expand"": 0.8799086713103548, ""clarify"": 0.14648665917716724, ""conclude"": 0.15, ""describe"": 0.5587011665357384}",,default,2026-02-19 21:23:49.896315+09
889,"{""branch"": 0.36099376567734487, ""expand"": 0.5595485800474349, ""clarify"": 0.32080034060214135, ""conclude"": 0.15, ""describe"": 0.47941923370863715}",,default,2026-02-20 17:47:44.717149+09
890,"{""branch"": 0.34999999999999987, ""expand"": 0.7545207078751854, ""clarify"": 0.04, ""conclude"": 0.7145033635316128, ""describe"": 0.46026111016415544}",,default,2026-02-20 17:51:56.247281+09
891,"{""branch"": 0.5974873734152916, ""expand"": 0.5213050703072084, ""clarify"": 0.04, ""conclude"": 0.5890576474687264, ""describe"": 0.43849933782589484}",,default,2026-02-20 17:55:31.54416+09
892,"{""branch"": 0.5974873734152916, ""expand"": 0.5213050703072084, ""clarify"": 0.04, ""conclude"": 0.5890576474687264, ""describe"": 0.43849933782589484}",,default,2026-02-20 17:59:31.089535+09
895,"{""branch"": 0.5788435934396372, ""expand"": 0.8127919961386982, ""clarify"": 0.287327488768179, ""conclude"": 0.15, ""describe"": 0.5331237975789606}",,default,2026-02-20 18:27:32.588744+09
897,"{""branch"": 0.34999999999999987, ""expand"": 0.7545207078751854, ""clarify"": 0.04, ""conclude"": 0.7145033635316128, ""describe"": 0.46026111016415544}",,default,2026-02-20 18:44:08.913686+09
898,"{""branch"": 0.37197668183525967, ""expand"": 0.5720053912761262, ""clarify"": 0.3143582753928256, ""conclude"": 0.15, ""describe"": 0.4846206508100821}",,default,2026-02-20 18:44:45.3597+09
899,"{""branch"": 0.5974873734152916, ""expand"": 0.5213050703072084, ""clarify"": 0.04, ""conclude"": 0.5890576474687264, ""describe"": 0.43849933782589484}",,default,2026-02-20 19:01:58.035348+09
900,"{""branch"": 0.33900623432265503, ""expand"": 0.5345300128572029, ""clarify"": 0.33339457667288586, ""conclude"": 0.15, ""describe"": 0.4688483449847867}",,default,2026-02-20 19:53:56.751156+09
902,"{""branch"": 0.5974873734152916, ""expand"": 0.5213050703072084, ""clarify"": 0.04, ""conclude"": 0.5890576474687264, ""describe"": 0.43849933782589484}",,default,2026-02-20 20:43:25.934743+09
904,"{""branch"": 0.5974873734152916, ""expand"": 0.5213050703072084, ""clarify"": 0.04, ""conclude"": 0.5890576474687264, ""describe"": 0.43849933782589484}",,default,2026-02-20 21:41:38.383679+09
905,"{""branch"": 0.5974873734152916, ""expand"": 0.5213050703072084, ""clarify"": 0.04, ""conclude"": 0.5890576474687264, ""describe"": 0.43849933782589484}",,default,2026-02-20 21:53:03.007065+09
906,"{""branch"": 0.5974873734152916, ""expand"": 0.5213050703072084, ""clarify"": 0.04, ""conclude"": 0.5890576474687264, ""describe"": 0.43849933782589484}",,default,2026-02-20 21:59:19.76573+09
907,"{""branch"": 0.5974873734152916, ""expand"": 0.5213050703072084, ""clarify"": 0.04, ""conclude"": 0.5890576474687264, ""describe"": 0.43849933782589484}",,default,2026-02-20 22:06:12.854193+09
886,"{""branch"": 0.5974873734152916, ""expand"": 0.5213050703072084, ""clarify"": 0.04, ""conclude"": 0.5890576474687264, ""describe"": 0.43849933782589484}",,default,2026-02-20 22:34:31.527987+09
908,"{""branch"": 0.9535533905932737, ""expand"": 1, ""clarify"": 0.15621537760216436, ""conclude"": 0.15, ""describe"": 0.7308322297098249}",,default,2026-02-20 22:59:19.896867+09
909,"{""branch"": 0.5155834601050036, ""expand"": 0.7412996153977038, ""clarify"": 0.2010524492582373, ""conclude"": 0.15, ""describe"": 0.5048232650951257}",,default,2026-02-20 23:57:29.792651+09
883,"{""branch"": 0.44999999999999984, ""expand"": 0.8745207078751854, ""clarify"": 0.05827053769483047, ""conclude"": 0.7145033635316128, ""describe"": 0.5753263877051943}",,default,2026-02-21 00:34:41.866681+09
910,"{""branch"": 0.34999999999999987, ""expand"": 0.7545207078751854, ""clarify"": 0.03, ""conclude"": 0.7145033635316128, ""describe"": 0.5753263877051943}",,default,2026-02-21 00:39:28.296278+09
911,"{""branch"": 0.6974873734152915, ""expand"": 0.6413050703072084, ""clarify"": 0.04, ""conclude"": 0.5890576474687264, ""describe"": 0.43849933782589484}",,default,2026-02-21 00:50:09.268479+09
903,"{""branch"": 0.3499999999999999, ""expand"": 0.5470541566592572, ""clarify"": 0.32714786244139804, ""conclude"": 0.15, ""describe"": 0.47416117571254895}",,default,2026-02-21 02:54:48.239018+09
901,"{""branch"": 0.4047520627640808, ""expand"": 0.6090716206982713, ""clarify"": 0.24213668944895567, ""conclude"": 0.15, ""describe"": 0.4998666809126817}",,default,2026-02-21 20:59:27.127266+09
878,"{""branch"": 0.4990227520477754, ""expand"": 0.7157280228404795, ""clarify"": 0.23206742079257886, ""conclude"": 0.15, ""describe"": 0.5419690578600975}",,default,2026-02-21 21:19:30.979938+09
912,"{""branch"": 0.27183550448737, ""expand"": 0.17029737421681446, ""clarify"": 0.3281741066332747, ""conclude"": 0.15, ""describe"": 0.37798584436068405}",,default,2026-02-21 22:10:28.48453+09
913,"{""branch"": 0.5210174345239342, ""expand"": 0.5794811649636483, ""clarify"": 0.04, ""conclude"": 0.8509529358847655, ""describe"": 0.47810752831547465}","{""source"": ""INFERRED"", ""profile"": ""EXPERT"", ""intensity"": ""HIGH""}",97785933-7c12-4ad2-b888-7b4d864e1a0b,2026-02-22 17:49:15.073348+09
914,"{""branch"": 0.2460354464480378, ""expand"": 0.584416722356367, ""clarify"": 0.30782802435405254, ""conclude"": 0.15, ""describe"": 0.4897635789781549}","{""source"": ""INFERRED"", ""profile"": ""EXPERT"", ""intensity"": ""MEDIUM""}",97785933-7c12-4ad2-b888-7b4d864e1a0b,2026-02-22 20:40:15.733274+09
883,"{""branch"": 0.8434169232722042, ""expand"": 0.9455032620941839, ""clarify"": 0.03732605730453002, ""conclude"": 0.15, ""describe"": 0.913540287137281}","{""locked"": true, ""source"": ""CARRY"", ""profile"": ""EXPERT"", ""intensity"": ""MEDIUM""}",97785933-7c12-4ad2-b888-7b4d864e1a0b,2026-02-23 09:53:15.50229+09
915,"{""branch"": 0.5047520627640808, ""expand"": 0.6994811649636483, ""clarify"": 0.10897394955730239, ""conclude"": 0.8509529358847655, ""describe"": 0.47810752831547465}","{""source"": ""INFERRED"", ""profile"": ""EXPERT"", ""intensity"": ""HIGH""}",97785933-7c12-4ad2-b888-7b4d864e1a0b,2026-02-23 14:16:34.572597+09
917,"{""branch"": 0.6109946880462525, ""expand"": 1, ""clarify"": 0.052310647614689565, ""conclude"": 0.15, ""describe"": 0.7308322297098249}","{""source"": ""INFERRED"", ""profile"": ""EXPERT"", ""intensity"": ""MEDIUM""}",97785933-7c12-4ad2-b888-7b4d864e1a0b,2026-02-23 16:24:06.165105+09
918,"{""branch"": 0.5210174345239342, ""expand"": 0.5794811649636483, ""clarify"": 0.04, ""conclude"": 0.8509529358847655, ""describe"": 0.47810752831547465}","{""source"": ""INFERRED"", ""profile"": ""EXPERT"", ""intensity"": ""HIGH""}",97785933-7c12-4ad2-b888-7b4d864e1a0b,2026-02-23 16:28:52.053315+09
921,"{""branch"": 0.5109946880462525, ""expand"": 0.9455032620941839, ""clarify"": 0.044174801325542266, ""conclude"": 0.15, ""describe"": 0.7308322297098249}","{""source"": ""INFERRED"", ""profile"": ""EXPERT"", ""intensity"": ""MEDIUM""}",97785933-7c12-4ad2-b888-7b4d864e1a0b,2026-02-23 21:49:05.104065+09
922,"{""branch"": 0.5392295478639224, ""expand"": 0.9455032620941839, ""clarify"": 0.04, ""conclude"": 0.15, ""describe"": 0.7308322297098249}","{""source"": ""INFERRED"", ""profile"": ""EXPERT"", ""intensity"": ""MEDIUM""}",97785933-7c12-4ad2-b888-7b4d864e1a0b,2026-02-23 21:51:32.138669+09
919,"{""branch"": 0.5034848032429458, ""expand"": 0.5794811649636483, ""clarify"": 0.09106759199521158, ""conclude"": 0.8509529358847655, ""describe"": 0.47810752831547465}","{""locked"": false, ""source"": ""CARRY"", ""profile"": ""EXPERT"", ""intensity"": ""MEDIUM""}",97785933-7c12-4ad2-b888-7b4d864e1a0b,2026-02-23 23:23:37.185449+09
923,"{""branch"": 0.5210174345239342, ""expand"": 0.5794811649636483, ""clarify"": 0.04, ""conclude"": 0.8509529358847655, ""describe"": 0.47810752831547465}","{""source"": ""INFERRED"", ""profile"": ""EXPERT"", ""intensity"": ""HIGH""}",97785933-7c12-4ad2-b888-7b4d864e1a0b,2026-02-23 23:36:21.585948+09
916,"{""branch"": 0.6109946880462525, ""expand"": 1, ""clarify"": 0.07333930208265271, ""conclude"": 0.15, ""describe"": 0.7308322297098249}","{""source"": ""INFERRED"", ""profile"": ""EXECUTIVE"", ""intensity"": ""MEDIUM""}",97785933-7c12-4ad2-b888-7b4d864e1a0b,2026-02-23 23:55:09.007844+09
920,"{""branch"": 0.6109946880462525, ""expand"": 1, ""clarify"": 0.09205079392163984, ""conclude"": 0.15, ""describe"": 0.7308322297098249}","{""source"": ""INFERRED"", ""profile"": ""EXPERT"", ""intensity"": ""MEDIUM""}",97785933-7c12-4ad2-b888-7b4d864e1a0b,2026-02-24 12:25:11.307083+09
924,"{""branch"": 0.5392295478639224, ""expand"": 0.9455032620941839, ""clarify"": 0.04, ""conclude"": 0.15, ""describe"": 0.7308322297098249}","{""source"": ""INFERRED"", ""profile"": ""EXPERT"", ""intensity"": ""MEDIUM""}",97785933-7c12-4ad2-b888-7b4d864e1a0b,2026-02-24 12:25:56.879162+09
925,"{""branch"": 0.5392295478639224, ""expand"": 0.9455032620941839, ""clarify"": 0.04, ""conclude"": 0.15, ""describe"": 0.7308322297098249}","{""source"": ""INFERRED"", ""profile"": ""EXPERT"", ""intensity"": ""MEDIUM""}",97785933-7c12-4ad2-b888-7b4d864e1a0b,2026-02-24 12:42:34.886787+09
926,"{""branch"": 0.6058904581554525, ""expand"": 0.55, ""clarify"": 0.03534906486619749, ""conclude"": 0.7258081741438392, ""describe"": 0.5775231620503374}","{""locked"": true, ""source"": ""CARRY"", ""profile"": ""DESIGNER"", ""intensity"": ""HIGH""}",97785933-7c12-4ad2-b888-7b4d864e1a0b,2026-02-24 14:46:36.526706+09
928,"{""branch"": 0.5392295478639224, ""expand"": 0.9455032620941839, ""clarify"": 0.04, ""conclude"": 0.15, ""describe"": 0.7308322297098249}","{""source"": ""INFERRED"", ""profile"": ""EXPERT"", ""intensity"": ""MEDIUM""}",97785933-7c12-4ad2-b888-7b4d864e1a0b,2026-02-24 16:40:04.994293+09
927,"{""branch"": 0.8434169232722042, ""expand"": 0.9455032620941839, ""clarify"": 0.03267671994452276, ""conclude"": 0.15, ""describe"": 0.913540287137281}","{""locked"": true, ""source"": ""CARRY"", ""profile"": ""EXPERT"", ""intensity"": ""MEDIUM""}",97785933-7c12-4ad2-b888-7b4d864e1a0b,2026-02-24 20:42:18.560014+09
929,"{""branch"": 0.5392295478639224, ""expand"": 0.9455032620941839, ""clarify"": 0.04, ""conclude"": 0.15, ""describe"": 0.7308322297098249}","{""source"": ""INFERRED"", ""profile"": ""EXPERT"", ""intensity"": ""MEDIUM""}",97785933-7c12-4ad2-b888-7b4d864e1a0b,2026-02-24 21:03:03.733617+09
930,"{""branch"": 0.6634440148274712, ""expand"": 0.9455032620941839, ""clarify"": 0.10814405746872213, ""conclude"": 0.15, ""describe"": 0.7308322297098249}","{""locked"": false, ""source"": ""CARRY"", ""profile"": ""DESIGNER"", ""intensity"": ""MEDIUM""}",97785933-7c12-4ad2-b888-7b4d864e1a0b,2026-02-24 21:53:05.205256+09
933,"{""branch"": 0.6402495935108048, ""expand"": 0.8422735529643444, ""clarify"": 0.0716685214162521, ""conclude"": 0.15, ""describe"": 0.6774613223251219}","{""source"": ""INFERRED"", ""profile"": ""DESIGNER"", ""intensity"": ""MEDIUM""}",97785933-7c12-4ad2-b888-7b4d864e1a0b,2026-02-25 12:13:45.159974+09
935,"{""branch"": 0.48293790966148, ""expand"": 0.704416722356367, ""clarify"": 0.274741566289436, ""conclude"": 0.15, ""describe"": 0.4897635789781549}","{""source"": ""INFERRED"", ""profile"": ""DESIGNER"", ""intensity"": ""MEDIUM""}",97785933-7c12-4ad2-b888-7b4d864e1a0b,2026-02-25 22:51:29.379664+09
936,"{""branch"": 0.4648395756094543, ""expand"": 0.8745207078751854, ""clarify"": 0.04702628897227926, ""conclude"": 0.7145033635316128, ""describe"": 0.46026111016415544}","{""source"": ""INFERRED"", ""profile"": ""EXPERT"", ""intensity"": ""MEDIUM""}",97785933-7c12-4ad2-b888-7b4d864e1a0b,2026-02-26 13:42:07.54131+09
886,"{""branch"": 0.36264215980440756, ""expand"": 0.8162850809565623, ""clarify"": 0.12177239541086304, ""conclude"": 0.7967309592491051, ""describe"": 0.4720803570629844}","{""source"": ""INFERRED"", ""profile"": ""EXPERT"", ""intensity"": ""MEDIUM""}",97785933-7c12-4ad2-b888-7b4d864e1a0b,2026-02-26 16:50:35.050755+09
931,"{""branch"": 0.41651479242212963, ""expand"": 0.56669442286237, ""clarify"": 0.3325924346910885, ""conclude"": 0.15, ""describe"": 0.4302857354158454}","{""source"": ""INFERRED"", ""profile"": ""DESIGNER"", ""intensity"": ""MEDIUM""}",97785933-7c12-4ad2-b888-7b4d864e1a0b,2026-02-26 17:31:26.872083+09
939,"{""branch"": 0.5618094305762612, ""expand"": 0.67, ""clarify"": 0.03156067628876643, ""conclude"": 0.15, ""describe"": 0.5927014696406862}","{""locked"": true, ""source"": ""CARRY"", ""profile"": ""EXPERT"", ""intensity"": ""MEDIUM""}",97785933-7c12-4ad2-b888-7b4d864e1a0b,2026-02-26 22:50:44.296801+09
941,"{""branch"": 0.37746068350474565, ""expand"": 0.5213050703072084, ""clarify"": 0.04, ""conclude"": 0.5890576474687264, ""describe"": 0.43849933782589484}","{""source"": ""INFERRED"", ""profile"": ""EXPERT"", ""intensity"": ""MEDIUM""}",97785933-7c12-4ad2-b888-7b4d864e1a0b,2026-02-27 23:34:41.086557+09
937,"{""branch"": 0.10920886332284585, ""expand"": 0.15317334709359753, ""clarify"": 0.3345790324240089, ""conclude"": 0.15, ""describe"": 0.45806593461790696}","{""source"": ""INFERRED"", ""profile"": ""DESIGNER"", ""intensity"": ""MEDIUM""}",97785933-7c12-4ad2-b888-7b4d864e1a0b,2026-02-28 00:35:48.501244+09
942,"{""branch"": 0.5392295478639224, ""expand"": 0.9455032620941839, ""clarify"": 0.04, ""conclude"": 0.15, ""describe"": 0.7308322297098249}","{""source"": ""INFERRED"", ""profile"": ""DESIGNER"", ""intensity"": ""MEDIUM""}",97785933-7c12-4ad2-b888-7b4d864e1a0b,2026-02-28 00:42:59.729386+09
944,"{""branch"": 0.4626421598044076, ""expand"": 0.9362850809565623, ""clarify"": 0.03973813831752301, ""conclude"": 0.7967309592491051, ""describe"": 0.4720803570629844}","{""source"": ""INFERRED"", ""profile"": ""EXPERT"", ""intensity"": ""MEDIUM""}",97785933-7c12-4ad2-b888-7b4d864e1a0b,2026-02-28 14:00:13.425762+09
945,"{""branch"": 0.46544939520059864, ""expand"": 0.7490925526697454, ""clarify"": 0.1909318854728669, ""conclude"": 0.15, ""describe"": 0.5546417107912192}","{""locked"": false, ""source"": ""CARRY"", ""profile"": ""DESIGNER"", ""intensity"": ""MEDIUM""}",97785933-7c12-4ad2-b888-7b4d864e1a0b,2026-02-28 14:13:42.606113+09
938,"{""branch"": 0.22732549043033773, ""expand"": 0.3110701934548328, ""clarify"": 0.3047504465760218, ""conclude"": 0.15, ""describe"": 0.47941923370863715}","{""source"": ""INFERRED"", ""profile"": ""DESIGNER"", ""intensity"": ""MEDIUM""}",97785933-7c12-4ad2-b888-7b4d864e1a0b,2026-02-28 17:37:06.961413+09
946,"{""branch"": 0.22166773662560207, ""expand"": 0.20104750847124053, ""clarify"": 0.21833287900533666, ""conclude"": 0.15, ""describe"": 0.4846206508100821}","{""source"": ""INFERRED"", ""profile"": ""DESIGNER"", ""intensity"": ""MEDIUM""}",97785933-7c12-4ad2-b888-7b4d864e1a0b,2026-02-28 20:50:15.088961+09
940,"{""branch"": 0.32628380467726004, ""expand"": 0.5263093427071377, ""clarify"": 0.19218694197134983, ""conclude"": 0.15, ""describe"": 0.5665642376882526}","{""source"": ""INFERRED"", ""profile"": ""DESIGNER"", ""intensity"": ""MEDIUM""}",97785933-7c12-4ad2-b888-7b4d864e1a0b,2026-02-28 22:32:03.072669+09
951,"{""branch"": 0.3049685466523505, ""expand"": 0.3846480339173337, ""clarify"": 0.25096315519951096, ""conclude"": 0.15, ""describe"": 0.5145376952622737}","{""source"": ""INFERRED"", ""profile"": ""DESIGNER"", ""intensity"": ""MEDIUM""}",97785933-7c12-4ad2-b888-7b4d864e1a0b,2026-03-01 03:56:12.564675+09
952,"{""branch"": 0.2498742139203357, ""expand"": 0.32104750847124053, ""clarify"": 0.29507435427880746, ""conclude"": 0.15, ""describe"": 0.4846206508100821}","{""source"": ""INFERRED"", ""profile"": ""EXPERT"", ""intensity"": ""MEDIUM""}",97785933-7c12-4ad2-b888-7b4d864e1a0b,2026-03-01 19:45:34.944435+09
943,"{""branch"": 0.32628380467726004, ""expand"": 0.5263093427071377, ""clarify"": 0.2102245624243762, ""conclude"": 0.15, ""describe"": 0.5665642376882526}","{""source"": ""INFERRED"", ""profile"": ""DESIGNER"", ""intensity"": ""MEDIUM""}",97785933-7c12-4ad2-b888-7b4d864e1a0b,2026-03-01 22:59:48.143701+09
949,"{""branch"": 0.058680554155767777, ""expand"": 0.05593177559322776, ""clarify"": 0.28992445029565783, ""conclude"": 0.15, ""describe"": 0.38390719376461035}","{""source"": ""INFERRED"", ""profile"": ""DESIGNER"", ""intensity"": ""MEDIUM""}",97785933-7c12-4ad2-b888-7b4d864e1a0b,2026-03-01 23:38:25.356175+09
950,"{""branch"": 0.2615331617106689, ""expand"": 0.3846480339173337, ""clarify"": 0.2453587003739079, ""conclude"": 0.15, ""describe"": 0.5145376952622737}","{""source"": ""INFERRED"", ""profile"": ""EXECUTIVE"", ""intensity"": ""MEDIUM""}",97785933-7c12-4ad2-b888-7b4d864e1a0b,2026-03-02 00:11:18.901111+09
953,"{""branch"": 0.2823505940743336, ""expand"": 0.43011045223909944, ""clarify"": 0.2654389520421494, ""conclude"": 0.15, ""describe"": 0.5331237975789606}","{""source"": ""INFERRED"", ""profile"": ""EXPERT"", ""intensity"": ""MEDIUM""}",97785933-7c12-4ad2-b888-7b4d864e1a0b,2026-03-02 01:23:43.525823+09
954,"{""branch"": 0.2876840046549797, ""expand"": 0.4417940606433746, ""clarify"": 0.2363546133065048, ""conclude"": 0.15, ""describe"": 0.5375850811911742}","{""source"": ""INFERRED"", ""profile"": ""DESIGNER"", ""intensity"": ""MEDIUM""}",97785933-7c12-4ad2-b888-7b4d864e1a0b,2026-03-02 04:58:49.358584+09
955,"{""branch"": 0.37364986551121004, ""expand"": 0.8011376833522729, ""clarify"": 0.18634126099062678, ""conclude"": 0.15, ""describe"": 0.5285867920962811}","{""source"": ""INFERRED"", ""profile"": ""EXPERT"", ""intensity"": ""MEDIUM""}",97785933-7c12-4ad2-b888-7b4d864e1a0b,2026-03-02 05:14:12.807708+09
956,"{""branch"": 0.19552776427096408, ""expand"": 0.1270294272879089, ""clarify"": 0.3629040870719196, ""conclude"": 0.15, ""describe"": 0.4415293105669764}","{""source"": ""INFERRED"", ""profile"": ""EXPERT"", ""intensity"": ""MEDIUM""}",97785933-7c12-4ad2-b888-7b4d864e1a0b,2026-03-02 17:28:29.154826+09
878,"{""branch"": 0.494957300570106, ""expand"": 0.7290716206982712, ""clarify"": 0.2632515022019037, ""conclude"": 0.15, ""describe"": 0.4998666809126817}","{""source"": ""INFERRED"", ""profile"": ""EXPERT"", ""intensity"": ""MEDIUM""}",f81ce066-bd37-4e07-9c90-96dcf5685285,2026-03-03 02:14:47.662541+09
959,"{""branch"": 0.27706723490617413, ""expand"": 0.41854678214316876, ""clarify"": 0.2538628722014147, ""conclude"": 0.15, ""describe"": 0.5285867920962811}","{""source"": ""INFERRED"", ""profile"": ""EXPERT"", ""intensity"": ""MEDIUM""}",97785933-7c12-4ad2-b888-7b4d864e1a0b,2026-03-03 04:13:09.7455+09
960,"{""branch"": 0.9434169232722042, ""expand"": 1, ""clarify"": 0.0335, ""conclude"": 0.15, ""describe"": 0.913540287137281}","{""locked"": true, ""source"": ""CARRY"", ""profile"": ""EXPERT"", ""intensity"": ""MEDIUM""}",97785933-7c12-4ad2-b888-7b4d864e1a0b,2026-03-03 04:37:19.782736+09
958,"{""branch"": 0.22628380467726003, ""expand"": 0.40630934270713776, ""clarify"": 0.23202601677216494, ""conclude"": 0.15, ""describe"": 0.5665642376882526}","{""source"": ""INFERRED"", ""profile"": ""DESIGNER"", ""intensity"": ""MEDIUM""}",97785933-7c12-4ad2-b888-7b4d864e1a0b,2026-03-03 04:40:02.458987+09
961,"{""branch"": 0.12269318308443568, ""expand"": 0.3756550564175725, ""clarify"": 0.13142561121931667, ""conclude"": 0.7145033635316128, ""describe"": 0.46026111016415544}","{""source"": ""INFERRED"", ""profile"": ""EXPERT"", ""intensity"": ""MEDIUM""}",97785933-7c12-4ad2-b888-7b4d864e1a0b,2026-03-03 10:05:10.974634+09
964,"{""branch"": 0.37746068350474565, ""expand"": 0.5213050703072084, ""clarify"": 0.04, ""conclude"": 0.5890576474687264, ""describe"": 0.43849933782589484}","{""source"": ""INFERRED"", ""profile"": ""EXPERT"", ""intensity"": ""MEDIUM""}",97785933-7c12-4ad2-b888-7b4d864e1a0b,2026-03-03 10:35:06.251512+09
962,"{""branch"": 0.4481747154575633, ""expand"": 0.6090716206982713, ""clarify"": 0.09140530739956762, ""conclude"": 0.15, ""describe"": 0.6248333511408521}","{""locked"": true, ""source"": ""CARRY"", ""profile"": ""EXPERT"", ""intensity"": ""MEDIUM""}",97785933-7c12-4ad2-b888-7b4d864e1a0b,2026-03-03 11:08:43.059277+09
965,"{""branch"": 0.3472511346889511, ""expand"": 0.7810416889260654, ""clarify"": 0.189802245365948, ""conclude"": 0.15, ""describe"": 0.5665642376882526}","{""source"": ""INFERRED"", ""profile"": ""EXPERT"", ""intensity"": ""MEDIUM""}",97785933-7c12-4ad2-b888-7b4d864e1a0b,2026-03-03 11:09:43.232593+09
967,"{""branch"": 0.2823505940743336, ""expand"": 0.43011045223909944, ""clarify"": 0.1740133408228327, ""conclude"": 0.15, ""describe"": 0.5331237975789606}","{""source"": ""INFERRED"", ""profile"": ""DESIGNER"", ""intensity"": ""MEDIUM""}",97785933-7c12-4ad2-b888-7b4d864e1a0b,2026-03-03 11:34:10.059807+09
969,"{""branch"": 0.5210174345239342, ""expand"": 0.6732610604708436, ""clarify"": 0.04, ""conclude"": 0.8509529358847655, ""describe"": 0.47810752831547465}","{""source"": ""INFERRED"", ""profile"": ""DESIGNER"", ""intensity"": ""MEDIUM""}",97785933-7c12-4ad2-b888-7b4d864e1a0b,2026-03-03 11:50:43.51093+09
970,"{""branch"": 0.5047123192165721, ""expand"": 0.913540287137281, ""clarify"": 0.04, ""conclude"": 0.15, ""describe"": 0.7129563242306353}","{""source"": ""INFERRED"", ""profile"": ""EXPERT"", ""intensity"": ""MEDIUM""}",97785933-7c12-4ad2-b888-7b4d864e1a0b,2026-03-03 12:54:55.369406+09
971,"{""branch"": 0.5210174345239342, ""expand"": 0.5794811649636483, ""clarify"": 0.04, ""conclude"": 0.8509529358847655, ""describe"": 0.47810752831547465}","{""source"": ""INFERRED"", ""profile"": ""DESIGNER"", ""intensity"": ""HIGH""}",97785933-7c12-4ad2-b888-7b4d864e1a0b,2026-03-03 13:06:16.351085+09
972,"{""branch"": 0.31104658014936215, ""expand"": 0.7157280228404795, ""clarify"": 0.23206742079257886, ""conclude"": 0.15, ""describe"": 0.5419690578600975}","{""source"": ""INFERRED"", ""profile"": ""EXPERT"", ""intensity"": ""MEDIUM""}",97785933-7c12-4ad2-b888-7b4d864e1a0b,2026-03-03 13:31:38.726111+09
973,"{""branch"": 0.17420706339981962, ""expand"": 0.04244210215588665, ""clarify"": 0.04, ""conclude"": 0.1318019484660536, ""describe"": 0.3141640786499874}","{""source"": ""INFERRED"", ""profile"": ""DESIGNER"", ""intensity"": ""MEDIUM""}",97785933-7c12-4ad2-b888-7b4d864e1a0b,2026-03-03 13:52:30.099939+09
974,"{""branch"": 0.4047520627640808, ""expand"": 0.5794811649636483, ""clarify"": 0.1282254703608208, ""conclude"": 0.8509529358847655, ""describe"": 0.47810752831547465}","{""source"": ""INFERRED"", ""profile"": ""DESIGNER"", ""intensity"": ""HIGH""}",97785933-7c12-4ad2-b888-7b4d864e1a0b,2026-03-03 14:51:21.273788+09
975,"{""branch"": 0.17420706339981962, ""expand"": 0.04244210215588665, ""clarify"": 0.04, ""conclude"": 0.1318019484660536, ""describe"": 0.3141640786499874}","{""source"": ""INFERRED"", ""profile"": ""DESIGNER"", ""intensity"": ""MEDIUM""}",97785933-7c12-4ad2-b888-7b4d864e1a0b,2026-03-03 14:54:10.706006+09
948,"{""branch"": 0.36264215980440756, ""expand"": 0.8162850809565623, ""clarify"": 0.13298875770185795, ""conclude"": 0.7967309592491051, ""describe"": 0.4720803570629844}","{""source"": ""INFERRED"", ""profile"": ""EXPERT"", ""intensity"": ""MEDIUM""}",97785933-7c12-4ad2-b888-7b4d864e1a0b,2026-03-03 15:27:50.308162+09
976,"{""branch"": 0.22320362165340898, ""expand"": 0.1717071221235218, ""clarify"": 0.33339457667288586, ""conclude"": 0.15, ""describe"": 0.4688483449847867}","{""source"": ""INFERRED"", ""profile"": ""EXECUTIVE"", ""intensity"": ""MEDIUM""}",97785933-7c12-4ad2-b888-7b4d864e1a0b,2026-03-03 16:11:42.306887+09
977,"{""branch"": 0.23455060479940149, ""expand"": 0.19107019345483278, ""clarify"": 0.32080034060214135, ""conclude"": 0.15, ""describe"": 0.47941923370863715}","{""source"": ""INFERRED"", ""profile"": ""EXPERT"", ""intensity"": ""MEDIUM""}",97785933-7c12-4ad2-b888-7b4d864e1a0b,2026-03-03 16:22:33.017529+09
978,"{""branch"": 0.5392295478639224, ""expand"": 0.9455032620941839, ""clarify"": 0.04, ""conclude"": 0.15, ""describe"": 0.7308322297098249}","{""source"": ""INFERRED"", ""profile"": ""EXPERT"", ""intensity"": ""MEDIUM""}",97785933-7c12-4ad2-b888-7b4d864e1a0b,2026-03-03 16:39:56.198208+09
980,"{""branch"": 0.281179256884603, ""expand"": 0.6574932598276525, ""clarify"": 0.2671607957817881, ""conclude"": 0.15, ""describe"": 0.519292089756196}","{""source"": ""INFERRED"", ""profile"": ""EXECUTIVE"", ""intensity"": ""MEDIUM""}",97785933-7c12-4ad2-b888-7b4d864e1a0b,2026-03-03 17:10:52.33916+09
982,"{""branch"": 0.4487023015650453, ""expand"": 0.6001132189821974, ""clarify"": 0.04, ""conclude"": 0.7368407953869104, ""describe"": 0.46369706698997065}","{""source"": ""INFERRED"", ""profile"": ""EXPERT"", ""intensity"": ""MEDIUM""}",97785933-7c12-4ad2-b888-7b4d864e1a0b,2026-03-03 18:32:21.543252+09
983,"{""branch"": 0.22320362165340898, ""expand"": 0.1717071221235218, ""clarify"": 0.33339457667288586, ""conclude"": 0.15, ""describe"": 0.4688483449847867}","{""source"": ""INFERRED"", ""profile"": ""EXECUTIVE"", ""intensity"": ""MEDIUM""}",97785933-7c12-4ad2-b888-7b4d864e1a0b,2026-03-03 19:09:54.178553+09
984,"{""branch"": 0.12732549043033772, ""expand"": 0.19107019345483278, ""clarify"": 0.2801462880147887, ""conclude"": 0.15, ""describe"": 0.47941923370863715}","{""source"": ""INFERRED"", ""profile"": ""EXPERT"", ""intensity"": ""MEDIUM""}",97785933-7c12-4ad2-b888-7b4d864e1a0b,2026-03-03 22:36:47.105058+09
979,"{""branch"": 0.29036648105648494, ""expand"": 0.483554881924147, ""clarify"": 0.13814921072042474, ""conclude"": 0.6667891533457719, ""describe"": 0.45245551471978934}","{""source"": ""INFERRED"", ""profile"": ""DESIGNER"", ""intensity"": ""HIGH""}",97785933-7c12-4ad2-b888-7b4d864e1a0b,2026-03-04 00:01:03.208083+09
981,"{""branch"": 0.11363351715764143, ""expand"": 0.16233359593948776, ""clarify"": 0.31504542760598775, ""conclude"": 0.15, ""describe"": 0.4634826291488103}","{""source"": ""INFERRED"", ""profile"": ""EXPERT"", ""intensity"": ""MEDIUM""}",97785933-7c12-4ad2-b888-7b4d864e1a0b,2026-03-04 10:43:14.170984+09
986,"{""branch"": 0.5210174345239342, ""expand"": 0.5794811649636483, ""clarify"": 0.04, ""conclude"": 0.8509529358847655, ""describe"": 0.47810752831547465}","{""source"": ""INFERRED"", ""profile"": ""DESIGNER"", ""intensity"": ""HIGH""}",97785933-7c12-4ad2-b888-7b4d864e1a0b,2026-03-04 13:16:13.771729+09
990,"{""branch"": 0.2226931830844357, ""expand"": 0.4956550564175725, ""clarify"": 0.04, ""conclude"": 0.7145033635316128, ""describe"": 0.46026111016415544}","{""source"": ""INFERRED"", ""profile"": ""EXPERT"", ""intensity"": ""MEDIUM""}",97785933-7c12-4ad2-b888-7b4d864e1a0b,2026-03-04 18:14:43.45451+09
872,"{""branch"": 0.14383063536025936, ""expand"": 0.05593177559322776, ""clarify"": 0.41109312921177643, ""conclude"": 0.15, ""describe"": 0.38390719376461035}","{""source"": ""INFERRED"", ""profile"": ""DESIGNER"", ""intensity"": ""MEDIUM""}",97785933-7c12-4ad2-b888-7b4d864e1a0b,2026-03-04 19:52:53.97062+09
988,"{""branch"": 0.16912318611016572, ""expand"": 0.19450275910265408, ""clarify"": 0.2729375617559592, ""conclude"": 0.15, ""describe"": 0.40152663221868234}","{""source"": ""INFERRED"", ""profile"": ""DESIGNER"", ""intensity"": ""MEDIUM""}",97785933-7c12-4ad2-b888-7b4d864e1a0b,2026-03-05 13:53:48.087505+09
987,"{""branch"": 0.06134659154221784, ""expand"": 0.33, ""clarify"": 0.06311925251858992, ""conclude"": 0.7145033635316128, ""describe"": 0.5753263877051943}","{""locked"": true, ""source"": ""CARRY"", ""profile"": ""DESIGNER"", ""intensity"": ""MEDIUM""}",97785933-7c12-4ad2-b888-7b4d864e1a0b,2026-03-05 13:56:50.192175+09
991,"{""branch"": 0.3472511346889511, ""expand"": 0.7810416889260654, ""clarify"": 0.189802245365948, ""conclude"": 0.15, ""describe"": 0.5665642376882526}","{""source"": ""INFERRED"", ""profile"": ""EXPERT"", ""intensity"": ""MEDIUM""}",97785933-7c12-4ad2-b888-7b4d864e1a0b,2026-03-05 21:10:33.252374+09
992,"{""branch"": 0.12269318308443568, ""expand"": 0.3756550564175725, ""clarify"": 0.1438739244298132, ""conclude"": 0.7145033635316128, ""describe"": 0.46026111016415544}","{""source"": ""INFERRED"", ""profile"": ""EXPERT"", ""intensity"": ""MEDIUM""}",97785933-7c12-4ad2-b888-7b4d864e1a0b,2026-03-05 21:24:27.905151+09
997,"{""branch"": 0.25499584254722396, ""expand"": 0.5213050703072084, ""clarify"": 0.036500000000000005, ""conclude"": 0.5890576474687264, ""describe"": 0.43849933782589484}","{""source"": ""INFERRED"", ""profile"": ""EXPERT"", ""intensity"": ""MEDIUM""}",97785933-7c12-4ad2-b888-7b4d864e1a0b,2026-03-06 21:56:57.231803+09
998,"{""branch"": 0.10920886332284585, ""expand"": 0.15317334709359753, ""clarify"": 0.23511466876567827, ""conclude"": 0.15, ""describe"": 0.45806593461790696}","{""source"": ""INFERRED"", ""profile"": ""EXECUTIVE"", ""intensity"": ""MEDIUM""}",97785933-7c12-4ad2-b888-7b4d864e1a0b,2026-03-07 00:51:11.757555+09
999,"{""branch"": 0.2181287377580357, ""expand"": 0.2917071221235218, ""clarify"": 0.3457434249173077, ""conclude"": 0.15, ""describe"": 0.4688483449847867}","{""source"": ""INFERRED"", ""profile"": ""EXPERT"", ""intensity"": ""MEDIUM""}",97785933-7c12-4ad2-b888-7b4d864e1a0b,2026-03-07 01:05:17.279276+09
1001,"{""branch"": 0.14383063536025936, ""expand"": 0.05593177559322776, ""clarify"": 0.41109312921177643, ""conclude"": 0.15, ""describe"": 0.38390719376461035}","{""source"": ""INFERRED"", ""profile"": ""DESIGNER"", ""intensity"": ""MEDIUM""}",97785933-7c12-4ad2-b888-7b4d864e1a0b,2026-03-07 01:36:25.989863+09
1006,"{""branch"": 0.20920886332284586, ""expand"": 0.27317334709359753, ""clarify"": 0.3677073744731787, ""conclude"": 0.15, ""describe"": 0.45806593461790696}","{""source"": ""INFERRED"", ""profile"": ""EXPERT"", ""intensity"": ""MEDIUM""}",97785933-7c12-4ad2-b888-7b4d864e1a0b,2026-03-07 04:02:40.701484+09
995,"{""branch"": 0.12732549043033772, ""expand"": 0.19107019345483278, ""clarify"": 0.2566723041978924, ""conclude"": 0.15, ""describe"": 0.47941923370863715}","{""source"": ""INFERRED"", ""profile"": ""DESIGNER"", ""intensity"": ""MEDIUM""}",97785933-7c12-4ad2-b888-7b4d864e1a0b,2026-03-07 04:05:03.692391+09
1008,"{""branch"": 0.06134659154221784, ""expand"": 0.33, ""clarify"": 0.030428749999999997, ""conclude"": 0.7145033635316128, ""describe"": 0.5753263877051943}","{""locked"": true, ""source"": ""CARRY"", ""profile"": ""DESIGNER"", ""intensity"": ""MEDIUM""}",97785933-7c12-4ad2-b888-7b4d864e1a0b,2026-03-08 01:29:48.986652+09
1009,"{""branch"": 0.4971372963240034, ""expand"": 0.67, ""clarify"": 0.03538751297967957, ""conclude"": 0.15, ""describe"": 0.5164144667313088}","{""locked"": true, ""source"": ""CARRY"", ""profile"": ""DESIGNER"", ""intensity"": ""MEDIUM""}",2d31d4f5-be82-4341-9af0-f02ac7be0249,2026-03-08 01:50:05.090767+09
1010,"{""branch"": 0.5654493952005987, ""expand"": 0.7290716206982712, ""clarify"": 0.1225850883070271, ""conclude"": 0.15, ""describe"": 0.6248333511408521}","{""locked"": true, ""source"": ""CARRY"", ""profile"": ""EXPERT"", ""intensity"": ""MEDIUM""}",2d31d4f5-be82-4341-9af0-f02ac7be0249,2026-03-08 02:07:05.16576+09
1012,"{""branch"": 0.2518252845424367, ""expand"": 0.5967747340254301, ""clarify"": 0.30121603205519054, ""conclude"": 0.15, ""describe"": 0.4948461909549662}","{""source"": ""INFERRED"", ""profile"": ""EXPERT"", ""intensity"": ""MEDIUM""}",2d31d4f5-be82-4341-9af0-f02ac7be0249,2026-03-08 02:10:22.088037+09
1013,"{""branch"": 0.2460354464480378, ""expand"": 0.584416722356367, ""clarify"": 0.30782802435405254, ""conclude"": 0.15, ""describe"": 0.4897635789781549}","{""source"": ""INFERRED"", ""profile"": ""EXPERT"", ""intensity"": ""MEDIUM""}",2d31d4f5-be82-4341-9af0-f02ac7be0249,2026-03-08 02:16:41.384388+09
1014,"{""branch"": 0.16385527947051662, ""expand"": 0.08123597997892917, ""clarify"": 0.3937749906668534, ""conclude"": 0.15, ""describe"": 0.40734461936554417}","{""source"": ""INFERRED"", ""profile"": ""DESIGNER"", ""intensity"": ""MEDIUM""}",2d31d4f5-be82-4341-9af0-f02ac7be0249,2026-03-08 02:17:58.24913+09
1011,"{""branch"": 0.14650538548805933, ""expand"": 0.10553972260056119, ""clarify"": 0.15642265082243997, ""conclude"": 0.31094235253127367, ""describe"": 0.3749000106845113}","{""source"": ""INFERRED"", ""profile"": ""EXECUTIVE"", ""intensity"": ""MEDIUM""}",97785933-7c12-4ad2-b888-7b4d864e1a0b,2026-03-08 10:11:44.308022+09
1018,"{""branch"": 0.16385527947051662, ""expand"": 0.03602560130683991, ""clarify"": 0.04, ""conclude"": 0.11245001866629324, ""describe"": 0.30550846452415814}","{""source"": ""INFERRED"", ""profile"": ""DESIGNER"", ""intensity"": ""MEDIUM""}",025539e5-5972-4539-b91b-a981c5532756,2026-03-08 21:23:57.812274+09
1019,"{""branch"": 0.6071797846983376, ""expand"": 0.9010416889260654, ""clarify"": 0.17065522030861938, ""conclude"": 0.15, ""describe"": 0.5665642376882526}","{""locked"": false, ""source"": ""CARRY"", ""profile"": ""EXPERT"", ""intensity"": ""MEDIUM""}",025539e5-5972-4539-b91b-a981c5532756,2026-03-08 21:45:53.078129+09
1020,"{""branch"": 0.17420706339981962, ""expand"": 0.04244210215588665, ""clarify"": 0.04, ""conclude"": 0.1318019484660536, ""describe"": 0.3141640786499874}","{""source"": ""INFERRED"", ""profile"": ""DESIGNER"", ""intensity"": ""MEDIUM""}",97785933-7c12-4ad2-b888-7b4d864e1a0b,2026-03-09 13:56:18.81489+09
1021,"{""branch"": 0.281179256884603, ""expand"": 0.6574932598276525, ""clarify"": 0.2671607957817881, ""conclude"": 0.15, ""describe"": 0.519292089756196}","{""source"": ""INFERRED"", ""profile"": ""EXPERT"", ""intensity"": ""MEDIUM""}",97785933-7c12-4ad2-b888-7b4d864e1a0b,2026-03-09 13:57:35.241593+09
1022,"{""branch"": 0.281179256884603, ""expand"": 0.6574932598276525, ""clarify"": 0.2671607957817881, ""conclude"": 0.15, ""describe"": 0.519292089756196}","{""source"": ""INFERRED"", ""profile"": ""EXPERT"", ""intensity"": ""MEDIUM""}",97785933-7c12-4ad2-b888-7b4d864e1a0b,2026-03-09 13:58:08.213824+09
1023,"{""branch"": 0.281179256884603, ""expand"": 0.6574932598276525, ""clarify"": 0.2671607957817881, ""conclude"": 0.15, ""describe"": 0.519292089756196}","{""source"": ""INFERRED"", ""profile"": ""EXPERT"", ""intensity"": ""MEDIUM""}",97785933-7c12-4ad2-b888-7b4d864e1a0b,2026-03-09 13:58:41.434542+09
1024,"{""branch"": 0.16900415345164496, ""expand"": 0.03917163442649059, ""clarify"": 0.04, ""conclude"": 0.1219641176603648, ""describe"": 0.3098486800387852}","{""source"": ""INFERRED"", ""profile"": ""DESIGNER"", ""intensity"": ""MEDIUM""}",97785933-7c12-4ad2-b888-7b4d864e1a0b,2026-03-09 13:58:48.269426+09
1025,"{""branch"": 0.281179256884603, ""expand"": 0.6574932598276525, ""clarify"": 0.2671607957817881, ""conclude"": 0.15, ""describe"": 0.519292089756196}","{""source"": ""INFERRED"", ""profile"": ""EXPERT"", ""intensity"": ""MEDIUM""}",97785933-7c12-4ad2-b888-7b4d864e1a0b,2026-03-09 13:59:15.666052+09
1026,"{""branch"": 0.281179256884603, ""expand"": 0.6574932598276525, ""clarify"": 0.2671607957817881, ""conclude"": 0.15, ""describe"": 0.519292089756196}","{""source"": ""INFERRED"", ""profile"": ""EXPERT"", ""intensity"": ""MEDIUM""}",97785933-7c12-4ad2-b888-7b4d864e1a0b,2026-03-09 13:59:43.33828+09
1027,"{""branch"": 0.16385527947051662, ""expand"": 0.03602560130683991, ""clarify"": 0.04, ""conclude"": 0.11245001866629324, ""describe"": 0.30550846452415814}","{""source"": ""INFERRED"", ""profile"": ""DESIGNER"", ""intensity"": ""MEDIUM""}",97785933-7c12-4ad2-b888-7b4d864e1a0b,2026-03-09 14:17:01.902748+09
1028,"{""branch"": 0.2871187379923825, ""expand"": 0.6693689601226458, ""clarify"": 0.260197754634052, ""conclude"": 0.15, ""describe"": 0.5239756767195808}","{""source"": ""INFERRED"", ""profile"": ""EXPERT"", ""intensity"": ""MEDIUM""}",97785933-7c12-4ad2-b888-7b4d864e1a0b,2026-03-09 16:24:37.318373+09
1029,"{""branch"": 0.13897466040884132, ""expand"": 0.05029737421681446, ""clarify"": 0.4149737832379534, ""conclude"": 0.15, ""describe"": 0.37798584436068405}","{""source"": ""INFERRED"", ""profile"": ""DESIGNER"", ""intensity"": ""MEDIUM""}",97785933-7c12-4ad2-b888-7b4d864e1a0b,2026-03-09 16:31:45.213751+09
1030,"{""branch"": 0.13897466040884132, ""expand"": 0.05029737421681446, ""clarify"": 0.4149737832379534, ""conclude"": 0.15, ""describe"": 0.37798584436068405}","{""source"": ""INFERRED"", ""profile"": ""DESIGNER"", ""intensity"": ""MEDIUM""}",97785933-7c12-4ad2-b888-7b4d864e1a0b,2026-03-09 16:35:33.308618+09
1031,"{""branch"": 0.13897466040884132, ""expand"": 0.05029737421681446, ""clarify"": 0.4149737832379534, ""conclude"": 0.15, ""describe"": 0.37798584436068405}","{""source"": ""INFERRED"", ""profile"": ""DESIGNER"", ""intensity"": ""MEDIUM""}",97785933-7c12-4ad2-b888-7b4d864e1a0b,2026-03-09 16:35:54.425002+09
1032,"{""branch"": 0.13897466040884132, ""expand"": 0.05029737421681446, ""clarify"": 0.4149737832379534, ""conclude"": 0.15, ""describe"": 0.37798584436068405}","{""source"": ""INFERRED"", ""profile"": ""DESIGNER"", ""intensity"": ""MEDIUM""}",97785933-7c12-4ad2-b888-7b4d864e1a0b,2026-03-09 16:40:59.050565+09
1033,"{""branch"": 0.13897466040884132, ""expand"": 0.05029737421681446, ""clarify"": 0.4149737832379534, ""conclude"": 0.15, ""describe"": 0.37798584436068405}","{""source"": ""INFERRED"", ""profile"": ""DESIGNER"", ""intensity"": ""MEDIUM""}",97785933-7c12-4ad2-b888-7b4d864e1a0b,2026-03-09 16:41:15.190658+09
1034,"{""branch"": 0.16385527947051662, ""expand"": 0.03602560130683991, ""clarify"": 0.04, ""conclude"": 0.11245001866629324, ""describe"": 0.30550846452415814}","{""source"": ""INFERRED"", ""profile"": ""DESIGNER"", ""intensity"": ""MEDIUM""}",97785933-7c12-4ad2-b888-7b4d864e1a0b,2026-03-09 16:55:39.422842+09
1007,"{""branch"": 0.5430760547199506, ""expand"": 0.7269952498697734, ""clarify"": 0.05388749999999999, ""conclude"": 0.15, ""describe"": 0.682842712474619}","{""locked"": true, ""source"": ""CARRY"", ""profile"": ""EXPERT"", ""intensity"": ""MEDIUM""}",7984bb79-d225-4474-8082-ba3a0cb4a642,2026-03-09 17:27:04.328375+09
1004,"{""branch"": 0.39795431958868877, ""expand"": 0.5595485800474349, ""clarify"": 0.3226411845489292, ""conclude"": 0.15, ""describe"": 0.47941923370863715}","{""source"": ""INFERRED"", ""profile"": ""EXPERT"", ""intensity"": ""MEDIUM""}",97785933-7c12-4ad2-b888-7b4d864e1a0b,2026-03-10 13:37:47.62065+09
1000,"{""branch"": 0.2226931830844357, ""expand"": 0.4956550564175725, ""clarify"": 0.09167908104035677, ""conclude"": 0.7145033635316128, ""describe"": 0.46026111016415544}","{""source"": ""INFERRED"", ""profile"": ""EXPERT"", ""intensity"": ""MEDIUM""}",97785933-7c12-4ad2-b888-7b4d864e1a0b,2026-03-10 17:32:05.363555+09
1002,"{""branch"": 0.36264215980440756, ""expand"": 0.8162850809565623, ""clarify"": 0.038775000000000004, ""conclude"": 0.7967309592491051, ""describe"": 0.4720803570629844}","{""source"": ""INFERRED"", ""profile"": ""EXPERT"", ""intensity"": ""MEDIUM""}",97785933-7c12-4ad2-b888-7b4d864e1a0b,2026-03-16 13:54:16.740765+09
