id,occurred_at,trace_id,thread_id,path,phase,failure_kind,confidence_before,confidence_after,risk_snapshot,surface_key,related_payload
1,2026-01-25 04:52:49.513384+09,e6eb7b2e-a9f0-4d9e-a163-1d5edbe8db1f,,PY_SOLVER,tool,TOOL_FAIL,,,,TOOL:PY_SOLVER,"{""error"": ""Error: Traceback (most recent call last):\n  File \""/home/dmsal020813/src/py/solver/main.py\"", line 8, in <module>\n    from solver.dispatcher import dispatch\nModuleNotFoundError: No module named 'solver'\n""}"
2,2026-01-25 04:53:55.829042+09,72883ce1-faf1-4127-b152-ac95d574a473,,PY_SOLVER,tool,TOOL_FAIL,,,,TOOL:PY_SOLVER,"{""error"": ""Error: Traceback (most recent call last):\n  File \""/home/dmsal020813/src/py/solver/main.py\"", line 8, in <module>\n    from solver.dispatcher import dispatch\nModuleNotFoundError: No module named 'solver'\n""}"
3,2026-01-25 05:05:33.876542+09,633c26da-77cc-4212-a5d6-a269c7434e96,,PY_SOLVER,tool,TOOL_FAIL,,,,TOOL:PY_SOLVER,"{""error"": ""Error: Traceback (most recent call last):\n  File \""/home/dmsal020813/src/py/solver/main.py\"", line 8, in <module>\n    from solver.dispatcher import dispatch\nModuleNotFoundError: No module named 'solver'\n""}"
4,2026-01-25 05:06:18.089459+09,73bfa837-d9cf-410e-81ef-a1a8069710f2,,PY_SOLVER,tool,TOOL_FAIL,,,,TOOL:PY_SOLVER,"{""error"": ""Error: Traceback (most recent call last):\n  File \""/home/dmsal020813/src/py/solver/main.py\"", line 8, in <module>\n    from solver.dispatcher import dispatch\nModuleNotFoundError: No module named 'solver'\n""}"
5,2026-01-25 05:18:12.241191+09,f8f655a7-2d2d-460f-a3a3-c84a57ebd6a8,,PY_SOLVER,tool,TOOL_FAIL,,,,TOOL:PY_SOLVER,"{""error"": ""Error:   File \""/home/dmsal020813/src/py/solver/main.py\"", line 38\n    print(\nIndentationError: unexpected indent\n""}"
6,2026-01-25 05:37:22.918144+09,169f1699-fcaf-4847-ae88-6ef84d67ab3c,,MARKET_DATA,tool,TOOL_FAIL,,,,TOOL:MARKET_DATA,"{""error"": ""Error:   File \""/home/dmsal020813/src/py/solver/main.py\"", line 38\n    print(\nIndentationError: unexpected indent\n""}"
7,2026-01-25 05:40:49.640904+09,259d939b-6af1-4b7f-8de8-515a07227074,,PY_SOLVER,tool,TOOL_FAIL,,,,TOOL:PY_SOLVER,"{""error"": ""Error:   File \""/home/dmsal020813/src/py/solver/main.py\"", line 38\n    print(\nIndentationError: unexpected indent\n""}"
8,2026-01-25 05:47:32.651582+09,38a3569f-d00c-4c79-bee6-07baa3d9a288,,MARKET_DATA,tool,TOOL_FAIL,,,,TOOL:MARKET_DATA,"{""error"": ""Error:   File \""/home/dmsal020813/src/py/solver/main.py\"", line 38\n    print(\nIndentationError: unexpected indent\n""}"
9,2026-01-25 06:19:42.575839+09,a1f7cf58-00e1-438e-a87f-7d175baa2ae6,,MARKET_DATA,tool,TOOL_FAIL,,,,TOOL:MARKET_DATA,"{""error"": ""Error:   File \""/home/dmsal020813/src/py/solver/main.py\"", line 38\n    print(\nIndentationError: unexpected indent\n""}"
10,2026-01-25 06:47:32.069021+09,6a55d218-f1b6-4d72-a652-3475e81a83cc,,MARKET_DATA,tool,TOOL_FAIL,,,,TOOL:MARKET_DATA,"{""error"": ""Error:   File \""/home/dmsal020813/src/py/solver/main.py\"", line 38\n    print(\nIndentationError: unexpected indent\n""}"
11,2026-01-25 08:02:07.703943+09,f15b0c4a-5585-4982-b30f-2ac678d84de7,,PY_SOLVER,tool,TOOL_FAIL,,,,TOOL:PY_SOLVER,"{""error"": ""Error:   File \""/home/dmsal020813/src/py/solver/main.py\"", line 38\n    print(\nIndentationError: unexpected indent\n""}"
12,2026-01-25 17:41:24.485173+09,dcfb3a77-24d0-4ba3-b08d-302d6e674a64,,PY_SOLVER,tool,TOOL_FAIL,,,,TOOL:PY_SOLVER,"{""error"": ""Error:   File \""/home/dmsal020813/src/py/solver/main.py\"", line 38\n    print(\nIndentationError: unexpected indent\n""}"
13,2026-01-25 17:42:45.032051+09,ccba825c-eebd-476f-8827-37cb8e1c45be,,PY_SOLVER,tool,TOOL_FAIL,,,,TOOL:PY_SOLVER,"{""error"": ""Error:   File \""/home/dmsal020813/src/py/solver/main.py\"", line 38\n    print(\nIndentationError: unexpected indent\n""}"
14,2026-01-25 17:47:01.979242+09,bce6f799-1f9a-4365-9d3a-8671fac3b753,,MARKET_DATA,tool,TOOL_FAIL,,,,TOOL:MARKET_DATA,"{""error"": ""Error:   File \""/home/dmsal020813/src/py/solver/main.py\"", line 38\n    print(\nIndentationError: unexpected indent\n""}"
15,2026-01-25 17:49:34.206344+09,01d934a3-4266-4c1e-858d-ab84a0a95612,,MARKET_DATA,tool,TOOL_FAIL,,,,TOOL:MARKET_DATA,"{""error"": ""Error:   File \""/home/dmsal020813/src/py/solver/main.py\"", line 38\n    print(\nIndentationError: unexpected indent\n""}"
16,2026-01-25 18:01:41.233833+09,daba62bb-962c-4633-a17b-266d78b07ca5,,MARKET_DATA,tool,TOOL_FAIL,,,,TOOL:MARKET_DATA,"{""error"": ""Error:   File \""/home/dmsal020813/src/py/solver/main.py\"", line 38\n    print(\nIndentationError: unexpected indent\n""}"
17,2026-01-25 18:27:24.320022+09,265f7759-0acd-46d8-9154-adc698e6366b,,MARKET_DATA,tool,TOOL_FAIL,,,,TOOL:MARKET_DATA,"{""error"": ""Error:   File \""/home/dmsal020813/src/py/solver/main.py\"", line 38\n    print(\nIndentationError: unexpected indent\n""}"
18,2026-01-25 18:36:17.468413+09,3f2c405e-11ff-432f-94df-8b32a080069b,,MARKET_DATA,tool,TOOL_FAIL,,,,TOOL:MARKET_DATA,"{""error"": ""Error:   File \""/home/dmsal020813/src/py/solver/main.py\"", line 38\n    print(\nIndentationError: unexpected indent\n""}"
19,2026-01-25 18:42:56.776259+09,f8f16d55-614e-4e2c-94f3-b03ea239570a,,MARKET_DATA,tool,TOOL_FAIL,,,,TOOL:MARKET_DATA,"{""error"": ""Error:   File \""/home/dmsal020813/src/py/solver/main.py\"", line 38\n    print(\nIndentationError: unexpected indent\n""}"
20,2026-01-25 18:45:27.747045+09,17642ebc-ec3f-4d67-946c-58d496be24f9,,MARKET_DATA,tool,TOOL_FAIL,,,,TOOL:MARKET_DATA,"{""error"": ""Error:   File \""/home/dmsal020813/src/py/solver/main.py\"", line 38\n    print(\nIndentationError: unexpected indent\n""}"
21,2026-01-25 18:58:23.193437+09,7b1c4000-ec13-4b3b-990c-98e8d6a52cb7,,MARKET_DATA,tool,TOOL_FAIL,,,,TOOL:MARKET_DATA,"{""error"": ""Error:   File \""/home/dmsal020813/src/py/solver/main.py\"", line 38\n    print(\nIndentationError: unexpected indent\n""}"
22,2026-01-25 19:05:28.311043+09,2a0c7dbd-aaec-4e11-9304-b94528f7e6a8,,MARKET_DATA,tool,TOOL_FAIL,,,,TOOL:MARKET_DATA,"{""error"": ""Error:   File \""/home/dmsal020813/src/py/solver/main.py\"", line 38\n    print(\nIndentationError: unexpected indent\n""}"
23,2026-01-25 19:11:32.435251+09,b15d8766-a01e-4473-a7de-ae9ea07fa902,,MARKET_DATA,tool,TOOL_FAIL,,,,TOOL:MARKET_DATA,"{""error"": ""Error: [PY_SOLVER_JSON_PARSE_FAIL]\nstdout:\n\nstderr:\n  File \""/home/dmsal020813/src/py/solver/main.py\"", line 38\n    print(\nIndentationError: unexpected indent\n""}"
24,2026-01-25 19:14:02.172002+09,e4ea62bc-c2d8-48c2-a470-14c7de529a48,,MARKET_DATA,tool,TOOL_FAIL,,,,TOOL:MARKET_DATA,"{""error"": ""Error: [PY_SOLVER_JSON_PARSE_FAIL]\nstdout:\n\nstderr:\n  File \""/home/dmsal020813/src/py/solver/main.py\"", line 38\n    print(\nIndentationError: unexpected indent\n""}"
25,2026-01-25 19:22:27.081849+09,77ca5003-116c-42fc-a156-bdd99d3f216b,,MARKET_DATA,tool,TOOL_FAIL,,,,TOOL:MARKET_DATA,"{""error"": ""Error: [PY_SOLVER_JSON_PARSE_FAIL]\nstdout:\n\nstderr:\n  File \""/home/dmsal020813/src/py/solver/main.py\"", line 38\n    print(\nIndentationError: unexpected indent\n""}"
26,2026-01-25 19:30:16.585647+09,47c144fd-dff8-46c7-9a41-9d8d57296cce,,MARKET_DATA,tool,TOOL_FAIL,,,,TOOL:MARKET_DATA,"{""error"": ""Error: [PY_SOLVER_JSON_PARSE_FAIL]\nstdout:\n\nstderr:\nTraceback (most recent call last):\n  File \""/home/dmsal020813/src/py/solver/main.py\"", line 8, in <module>\n    from solver.dispatcher import dispatch\nModuleNotFoundError: No module named 'solver'\n""}"
27,2026-01-25 19:30:39.782905+09,002868b5-16d7-43a7-accc-00b5e22c3212,,MARKET_DATA,tool,TOOL_FAIL,,,,TOOL:MARKET_DATA,"{""error"": ""Error: [PY_SOLVER_JSON_PARSE_FAIL]\nstdout:\n\nstderr:\nTraceback (most recent call last):\n  File \""/home/dmsal020813/src/py/solver/main.py\"", line 8, in <module>\n    from solver.dispatcher import dispatch\nModuleNotFoundError: No module named 'solver'\n""}"
28,2026-01-25 19:31:55.180884+09,1a2bcbc1-ee26-49ab-be0b-6ceb481befd4,,MARKET_DATA,tool,TOOL_FAIL,,,,TOOL:MARKET_DATA,"{""error"": ""Error: [PY_SOLVER_JSON_PARSE_FAIL]\nstdout:\n\nstderr:\nTraceback (most recent call last):\n  File \""/home/dmsal020813/src/py/solver/main.py\"", line 8, in <module>\n    from solver.dispatcher import dispatch\nModuleNotFoundError: No module named 'solver'\n""}"
29,2026-01-25 19:40:40.51347+09,91abc722-3d14-4f5e-a7a0-6fd903c75e62,,MARKET_DATA,tool,TOOL_FAIL,,,,TOOL:MARKET_DATA,"{""error"": ""Error: [PY_SOLVER_JSON_PARSE_FAIL]\nstdout:\n\nstderr:\nTraceback (most recent call last):\n  File \""/home/dmsal020813/src/py/solver/main.py\"", line 8, in <module>\n    from solver.dispatcher import dispatch\nModuleNotFoundError: No module named 'solver'\n""}"
30,2026-01-25 19:49:07.017319+09,14c7620e-2745-4d72-8583-ccfd3208a579,,MARKET_DATA,tool,TOOL_FAIL,,,,TOOL:MARKET_DATA,"{""error"": ""Error: [PY_SOLVER_JSON_PARSE_FAIL]\nstdout:\n\nstderr:\nTraceback (most recent call last):\n  File \""/home/dmsal020813/src/py/solver/main.py\"", line 8, in <module>\n    from solver.dispatcher import dispatch\nModuleNotFoundError: No module named 'solver'\n""}"
31,2026-01-25 19:53:38.821509+09,bc4fb3e7-fbc5-40c0-b849-a9857db5b1b8,,MARKET_DATA,tool,TOOL_FAIL,,,,TOOL:MARKET_DATA,"{""error"": ""Error: [PY_SOLVER_JSON_PARSE_FAIL]\nstdout:\n\nstderr:\nTraceback (most recent call last):\n  File \""/home/dmsal020813/src/py/solver/main.py\"", line 8, in <module>\n    from solver.dispatcher import dispatch\nModuleNotFoundError: No module named 'solver'\n""}"
32,2026-01-25 20:03:55.191318+09,7003c8d3-5f81-4006-b84d-e8224b6f2346,,MARKET_DATA,tool,TOOL_FAIL,,,,TOOL:MARKET_DATA,"{""error"": ""Error: [PY_SOLVER_JSON_PARSE_FAIL]\nstdout:\n\nstderr:\nTraceback (most recent call last):\n  File \""/home/dmsal020813/src/py/solver/main.py\"", line 8, in <module>\n    from solver.dispatcher import dispatch\nModuleNotFoundError: No module named 'solver'\n""}"
33,2026-01-25 20:14:10.40093+09,f0ed6049-3e8d-4427-9db4-a8cdd3729146,,MARKET_DATA,tool,TOOL_FAIL,,,,TOOL:MARKET_DATA,"{""error"": ""Error: [PY_SOLVER_JSON_PARSE_FAIL]\nstdout:\n\nstderr:\nTraceback (most recent call last):\n  File \""/home/dmsal020813/src/py/solver/main.py\"", line 8, in <module>\n    from solver.dispatcher import dispatch\nModuleNotFoundError: No module named 'solver'\n""}"
34,2026-01-25 20:24:48.433676+09,b204174e-b13f-43c6-a747-94672fd389bf,,MARKET_DATA,tool,TOOL_FAIL,,,,TOOL:MARKET_DATA,"{""error"": ""Error: [PY_SOLVER_JSON_PARSE_FAIL]\nstdout:\n\nstderr:\nTraceback (most recent call last):\n  File \""/home/dmsal020813/src/py/solver/main.py\"", line 8, in <module>\n    from solver.dispatcher import dispatch\nModuleNotFoundError: No module named 'solver'\n""}"
35,2026-01-25 22:25:41.495895+09,c9adec16-c3c3-4b1c-aebf-a71a2550ca7c,,PY_SOLVER,tool,TOOL_FAIL,,,,TOOL:PY_SOLVER,"{""error"": ""Error: [PY_SOLVER_JSON_PARSE_FAIL]\nstdout:\n\nstderr:\nTraceback (most recent call last):\n  File \""/home/dmsal020813/src/py/solver/main.py\"", line 8, in <module>\n    import solver.bootstrap  # 반드시 먼저\n    ^^^^^^^^^^^^^^^^^^^^^^^\nModuleNotFoundError: No module named 'solver'\n""}"
36,2026-01-25 22:26:07.384274+09,f3750768-ff11-4a9b-8f26-78cc476949b2,,MARKET_DATA,tool,TOOL_FAIL,,,,TOOL:MARKET_DATA,"{""error"": ""Error: [PY_SOLVER_JSON_PARSE_FAIL]\nstdout:\n\nstderr:\nTraceback (most recent call last):\n  File \""/home/dmsal020813/src/py/solver/main.py\"", line 8, in <module>\n    import solver.bootstrap  # 반드시 먼저\n    ^^^^^^^^^^^^^^^^^^^^^^^\nModuleNotFoundError: No module named 'solver'\n""}"
37,2026-01-25 22:39:43.461555+09,685b4666-b85f-46c3-bc25-160cf18a76ef,,MARKET_DATA,tool,TOOL_FAIL,,,,TOOL:MARKET_DATA,"{""error"": ""Error: [PY_SOLVER_JSON_PARSE_FAIL]\nstdout:\n\nstderr:\nTraceback (most recent call last):\n  File \""/home/dmsal020813/src/py/solver/main.py\"", line 8, in <module>\n    import solver.bootstrap  # 반드시 먼저\n    ^^^^^^^^^^^^^^^^^^^^^^^\nModuleNotFoundError: No module named 'solver'\n""}"
38,2026-01-25 22:41:45.540288+09,e3b24160-02ac-49d7-b1a7-5603fd1d54f6,,MARKET_DATA,tool,TOOL_FAIL,,,,TOOL:MARKET_DATA,"{""error"": ""Error: [PY_SOLVER_JSON_PARSE_FAIL]\nstdout:\n\nstderr:\nTraceback (most recent call last):\n  File \""/home/dmsal020813/src/py/solver/main.py\"", line 8, in <module>\n    import solver.bootstrap  # 반드시 먼저\n    ^^^^^^^^^^^^^^^^^^^^^^^\nModuleNotFoundError: No module named 'solver'\n""}"
39,2026-01-25 23:02:07.514401+09,fc5f06c4-1c31-450d-8157-8108683fa2f2,,MARKET_DATA,tool,TOOL_FAIL,,,,TOOL:MARKET_DATA,"{""error"": ""Error: [PY_SOLVER_JSON_PARSE_FAIL]\nstdout:\n\nstderr:\nTraceback (most recent call last):\n  File \""/home/dmsal020813/src/py/solver/main.py\"", line 8, in <module>\n    import solver.bootstrap  # 반드시 먼저\n    ^^^^^^^^^^^^^^^^^^^^^^^\nModuleNotFoundError: No module named 'solver'\n""}"
40,2026-01-25 23:03:02.286938+09,eb6abb9c-4400-49a1-9792-89fa6fc58499,,MARKET_DATA,tool,TOOL_FAIL,,,,TOOL:MARKET_DATA,"{""error"": ""Error: [PY_SOLVER_JSON_PARSE_FAIL]\nstdout:\n\nstderr:\nTraceback (most recent call last):\n  File \""/home/dmsal020813/src/py/solver/main.py\"", line 8, in <module>\n    import solver.bootstrap  # 반드시 먼저\n    ^^^^^^^^^^^^^^^^^^^^^^^\nModuleNotFoundError: No module named 'solver'\n""}"
41,2026-01-25 23:46:13.108132+09,c1346cdd-8645-40a9-a76e-5981f3949aa1,,MARKET_DATA,tool,TOOL_FAIL,,,,TOOL:MARKET_DATA,"{""error"": ""Error: [PY_SOLVER_JSON_PARSE_FAIL]\nstdout:\n\nstderr:\nTraceback (most recent call last):\n  File \""/home/dmsal020813/src/py/solver/main.py\"", line 8, in <module>\n    import solver.bootstrap  # 반드시 먼저\n    ^^^^^^^^^^^^^^^^^^^^^^^\nModuleNotFoundError: No module named 'solver'\n""}"
42,2026-01-25 23:50:58.862251+09,8cb1bbb3-ec67-4585-99de-a8f3cc0b7d3d,,MARKET_DATA,tool,TOOL_FAIL,,,,TOOL:MARKET_DATA,"{""error"": ""Error: [PY_SOLVER_JSON_PARSE_FAIL]\nstdout:\n\nstderr:\nTraceback (most recent call last):\n  File \""/home/dmsal020813/src/py/solver/main.py\"", line 8, in <module>\n    import solver.bootstrap  # 반드시 먼저\n    ^^^^^^^^^^^^^^^^^^^^^^^\nModuleNotFoundError: No module named 'solver'\n""}"
43,2026-01-25 23:54:02.625743+09,712e4886-a57d-4f8d-8291-9d34d720450a,,PY_SOLVER,tool,TOOL_FAIL,,,,TOOL:PY_SOLVER,"{""error"": ""Error: [PY_SOLVER_JSON_PARSE_FAIL]\nstdout:\n\nstderr:\nTraceback (most recent call last):\n  File \""/home/dmsal020813/src/py/solver/main.py\"", line 8, in <module>\n    import solver.bootstrap  # 반드시 먼저\n    ^^^^^^^^^^^^^^^^^^^^^^^\nModuleNotFoundError: No module named 'solver'\n""}"
44,2026-01-26 00:32:42.912923+09,15d06660-95d7-48f1-9d79-4cef0fdb88a4,,MARKET_DATA,tool,TOOL_FAIL,,,,TOOL:MARKET_DATA,"{""error"": ""Error: [PY_SOLVER_JSON_PARSE_FAIL]\nstdout:\n\nstderr:\nTraceback (most recent call last):\n  File \""/home/dmsal020813/src/py/solver/main.py\"", line 8, in <module>\n    import solver.bootstrap  # 반드시 먼저\n    ^^^^^^^^^^^^^^^^^^^^^^^\nModuleNotFoundError: No module named 'solver'\n""}"
45,2026-01-26 01:47:00.591861+09,7dc072cc-11b3-4d6c-937b-6b56470565b1,,MARKET_DATA,tool,TOOL_FAIL,,,,TOOL:MARKET_DATA,"{""error"": ""Error: [PY_SOLVER_JSON_PARSE_FAIL]\nstdout:\n\nstderr:\nTraceback (most recent call last):\n  File \""/home/dmsal020813/src/py/solver/main.py\"", line 8, in <module>\n    import solver.bootstrap  # 반드시 먼저\n    ^^^^^^^^^^^^^^^^^^^^^^^\nModuleNotFoundError: No module named 'solver'\n""}"
46,2026-01-26 02:46:58.635147+09,52209437-deb3-40ac-acb0-72f2a3d2df07,,PY_SOLVER,tool,TOOL_FAIL,,,,TOOL:PY_SOLVER,"{""error"": ""Error: [PY_SOLVER_JSON_PARSE_FAIL]\nstdout:\n\nstderr:\nTraceback (most recent call last):\n  File \""/home/dmsal020813/src/py/solver/main.py\"", line 8, in <module>\n    import solver.bootstrap  # 반드시 먼저\n    ^^^^^^^^^^^^^^^^^^^^^^^\nModuleNotFoundError: No module named 'solver'\n""}"
47,2026-01-26 05:35:27.071807+09,9238559e-64fa-4d63-8b0b-b39e0f9fd85e,,MARKET_DATA,tool,TOOL_FAIL,,,,TOOL:MARKET_DATA,"{""error"": ""Error: [PY_SOLVER_JSON_PARSE_FAIL]\nstdout:\n\nstderr:\nTraceback (most recent call last):\n  File \""/home/dmsal020813/src/py/solver/main.py\"", line 8, in <module>\n    import solver.bootstrap  # 반드시 먼저\n    ^^^^^^^^^^^^^^^^^^^^^^^\nModuleNotFoundError: No module named 'solver'\n""}"
48,2026-01-26 05:48:52.439228+09,b36ff188-c4cc-418d-ab1e-911bb23d9b53,,MARKET_DATA,tool,TOOL_FAIL,,,,TOOL:MARKET_DATA,"{""error"": ""Error: [PY_SOLVER_JSON_PARSE_FAIL]\nstdout:\n\nstderr:\nTraceback (most recent call last):\n  File \""/home/dmsal020813/src/py/solver/main.py\"", line 8, in <module>\n    import solver.bootstrap  # 반드시 먼저\n    ^^^^^^^^^^^^^^^^^^^^^^^\nModuleNotFoundError: No module named 'solver'\n""}"
49,2026-01-26 05:49:59.839113+09,d10d1aa2-5d63-4412-a366-6e93fbd1b5a4,,PY_SOLVER,tool,TOOL_FAIL,,,,TOOL:PY_SOLVER,"{""error"": ""Error: [PY_SOLVER_JSON_PARSE_FAIL]\nstdout:\n\nstderr:\nTraceback (most recent call last):\n  File \""/home/dmsal020813/src/py/solver/main.py\"", line 8, in <module>\n    import solver.bootstrap  # 반드시 먼저\n    ^^^^^^^^^^^^^^^^^^^^^^^\nModuleNotFoundError: No module named 'solver'\n""}"
50,2026-01-26 05:51:32.007197+09,a81f414f-fc74-4171-a41a-db07d75a901d,,PY_SOLVER,tool,TOOL_FAIL,,,,TOOL:PY_SOLVER,"{""error"": ""Error: [PY_SOLVER_JSON_PARSE_FAIL]\nstdout:\n\nstderr:\nTraceback (most recent call last):\n  File \""/home/dmsal020813/src/py/solver/main.py\"", line 8, in <module>\n    import solver.bootstrap  # 반드시 먼저\n    ^^^^^^^^^^^^^^^^^^^^^^^\nModuleNotFoundError: No module named 'solver'\n""}"
51,2026-01-26 05:56:41.064083+09,e1a41739-66be-489a-a285-eefb1e49737c,,PY_SOLVER,tool,TOOL_FAIL,,,,TOOL:PY_SOLVER,"{""error"": ""Error: [PY_SOLVER_JSON_PARSE_FAIL]\nstdout:\n\nstderr:\nTraceback (most recent call last):\n  File \""/home/dmsal020813/src/py/solver/main.py\"", line 8, in <module>\n    import solver.bootstrap  # 반드시 먼저\n    ^^^^^^^^^^^^^^^^^^^^^^^\nModuleNotFoundError: No module named 'solver'\n""}"
52,2026-01-26 06:36:38.799467+09,e8145821-d406-4baa-b2cf-e07c87917967,,PY_SOLVER,tool,TOOL_FAIL,,,,TOOL:PY_SOLVER,"{""error"": ""Error: [PY_SOLVER_JSON_PARSE_FAIL]\nstdout:\n\nstderr:\nTraceback (most recent call last):\n  File \""/home/dmsal020813/src/py/solver/main.py\"", line 8, in <module>\n    import solver.bootstrap  # 반드시 먼저\n    ^^^^^^^^^^^^^^^^^^^^^^^\nModuleNotFoundError: No module named 'solver'\n""}"
53,2026-01-26 06:45:36.89507+09,798e5079-3182-4a8f-b185-e12fdaad2a4c,,PY_SOLVER,tool,TOOL_FAIL,,,,TOOL:PY_SOLVER,"{""error"": ""Error: [PY_SOLVER_JSON_PARSE_FAIL]\nstdout:\n\nstderr:\nTraceback (most recent call last):\n  File \""/home/dmsal020813/src/py/solver/main.py\"", line 8, in <module>\n    import solver.bootstrap  # 반드시 먼저\n    ^^^^^^^^^^^^^^^^^^^^^^^\nModuleNotFoundError: No module named 'solver'\n""}"
54,2026-01-26 07:05:30.022983+09,a3081677-c339-49c1-afd4-a51d0787cfff,,PY_SOLVER,tool,TOOL_FAIL,,,,TOOL:PY_SOLVER,"{""error"": ""Error: [PY_SOLVER_JSON_PARSE_FAIL]\nstdout:\n\nstderr:\nTraceback (most recent call last):\n  File \""/home/dmsal020813/src/py/solver/main.py\"", line 8, in <module>\n    import solver.bootstrap  # 반드시 먼저\n    ^^^^^^^^^^^^^^^^^^^^^^^\nModuleNotFoundError: No module named 'solver'\n""}"
55,2026-01-26 07:35:59.67734+09,11a160fd-1004-490c-84cd-ebebad9a105e,,PY_SOLVER,tool,TOOL_FAIL,,,,TOOL:PY_SOLVER,"{""error"": ""Error: [PY_SOLVER_JSON_PARSE_FAIL]\nstdout:\n\nstderr:\nTraceback (most recent call last):\n  File \""/home/dmsal020813/src/py/solver/main.py\"", line 8, in <module>\n    import solver.bootstrap  # 반드시 먼저\n    ^^^^^^^^^^^^^^^^^^^^^^^\nModuleNotFoundError: No module named 'solver'\n""}"
56,2026-01-26 09:02:21.938115+09,a0e68bec-f7bc-4f0c-935f-38dae16f91f5,,PY_SOLVER,tool,TOOL_FAIL,,,,TOOL:PY_SOLVER,"{""error"": ""Error: [PY_SOLVER_JSON_PARSE_FAIL]\nstdout:\n\nstderr:\nTraceback (most recent call last):\n  File \""/home/dmsal020813/src/py/solver/main.py\"", line 8, in <module>\n    import solver.bootstrap  # 반드시 먼저\n    ^^^^^^^^^^^^^^^^^^^^^^^\nModuleNotFoundError: No module named 'solver'\n""}"
57,2026-01-26 09:08:13.328564+09,5b7ab25b-b39f-4515-9516-c8f768e10f53,,MARKET_DATA,tool,TOOL_FAIL,,,,TOOL:MARKET_DATA,"{""error"": ""Error: [PY_SOLVER_JSON_PARSE_FAIL]\nstdout:\n\nstderr:\nTraceback (most recent call last):\n  File \""/home/dmsal020813/src/py/solver/main.py\"", line 8, in <module>\n    import solver.bootstrap  # 반드시 먼저\n    ^^^^^^^^^^^^^^^^^^^^^^^\nModuleNotFoundError: No module named 'solver'\n""}"
58,2026-01-26 09:12:18.588598+09,ff530e96-26b9-42e5-9e77-fdfbe6c4b037,,MARKET_DATA,tool,TOOL_FAIL,,,,TOOL:MARKET_DATA,"{""error"": ""Error: [PY_SOLVER_JSON_PARSE_FAIL]\nstdout:\n\nstderr:\nTraceback (most recent call last):\n  File \""/home/dmsal020813/src/py/solver/main.py\"", line 8, in <module>\n    import solver.bootstrap  # 반드시 먼저\n    ^^^^^^^^^^^^^^^^^^^^^^^\nModuleNotFoundError: No module named 'solver'\n""}"
59,2026-01-26 09:44:50.971529+09,9d20e4d9-5cb9-482b-96b6-6ede28d13075,,PY_SOLVER,tool,TOOL_FAIL,,,,TOOL:PY_SOLVER,"{""error"": ""Error: [PY_SOLVER_JSON_PARSE_FAIL]\nstdout:\n\nstderr:\nTraceback (most recent call last):\n  File \""/home/dmsal020813/src/py/solver/main.py\"", line 8, in <module>\n    import solver.bootstrap  # 반드시 먼저\n    ^^^^^^^^^^^^^^^^^^^^^^^\nModuleNotFoundError: No module named 'solver'\n""}"
60,2026-01-26 09:51:43.966164+09,89de46a4-2ece-48fc-8597-c594ca86605b,,PY_SOLVER,tool,TOOL_FAIL,,,,TOOL:PY_SOLVER,"{""error"": ""Error: [PY_SOLVER_JSON_PARSE_FAIL]\nstdout:\n\nstderr:\nTraceback (most recent call last):\n  File \""/home/dmsal020813/src/py/solver/main.py\"", line 8, in <module>\n    import solver.bootstrap  # 반드시 먼저\n    ^^^^^^^^^^^^^^^^^^^^^^^\nModuleNotFoundError: No module named 'solver'\n""}"
61,2026-01-26 09:55:21.548585+09,e62e2a47-ec9e-443b-bdd7-86f590e9219f,,PY_SOLVER,tool,TOOL_FAIL,,,,TOOL:PY_SOLVER,"{""error"": ""Error: [PY_SOLVER_JSON_PARSE_FAIL]\nstdout:\n\nstderr:\nTraceback (most recent call last):\n  File \""/home/dmsal020813/src/py/solver/main.py\"", line 8, in <module>\n    import solver.bootstrap  # 반드시 먼저\n    ^^^^^^^^^^^^^^^^^^^^^^^\nModuleNotFoundError: No module named 'solver'\n""}"
62,2026-01-26 09:57:13.1887+09,f1be1b88-ca52-4b92-9055-ba29cd31e4a4,,PY_SOLVER,tool,TOOL_FAIL,,,,TOOL:PY_SOLVER,"{""error"": ""Error: [PY_SOLVER_JSON_PARSE_FAIL]\nstdout:\n\nstderr:\nTraceback (most recent call last):\n  File \""/home/dmsal020813/src/py/solver/main.py\"", line 8, in <module>\n    import solver.bootstrap  # 반드시 먼저\n    ^^^^^^^^^^^^^^^^^^^^^^^\nModuleNotFoundError: No module named 'solver'\n""}"
63,2026-01-26 10:09:12.73834+09,06fc11d0-5449-4922-bc88-f707fdb34901,,MARKET_DATA,tool,TOOL_FAIL,,,,TOOL:MARKET_DATA,"{""error"": ""Error: [PY_SOLVER_JSON_PARSE_FAIL]\nstdout:\n\nstderr:\nTraceback (most recent call last):\n  File \""/home/dmsal020813/src/py/solver/main.py\"", line 8, in <module>\n    import solver.bootstrap  # 반드시 먼저\n    ^^^^^^^^^^^^^^^^^^^^^^^\nModuleNotFoundError: No module named 'solver'\n""}"
64,2026-01-26 10:16:32.704583+09,97ab3379-c3f4-4ae6-9f02-202f69b4a584,,PY_SOLVER,tool,TOOL_FAIL,,,,TOOL:PY_SOLVER,"{""error"": ""Error: [PY_SOLVER_JSON_PARSE_FAIL]\nstdout:\n\nstderr:\nTraceback (most recent call last):\n  File \""/home/dmsal020813/src/py/solver/main.py\"", line 8, in <module>\n    import solver.bootstrap  # 반드시 먼저\n    ^^^^^^^^^^^^^^^^^^^^^^^\nModuleNotFoundError: No module named 'solver'\n""}"
65,2026-01-26 10:24:40.153957+09,ef89099d-142c-4979-bf55-07929c4cac73,,PY_SOLVER,tool,TOOL_FAIL,,,,TOOL:PY_SOLVER,"{""error"": ""Error: [PY_SOLVER_JSON_PARSE_FAIL]\nstdout:\n\nstderr:\nTraceback (most recent call last):\n  File \""/home/dmsal020813/src/py/solver/main.py\"", line 8, in <module>\n    import solver.bootstrap  # 반드시 먼저\n    ^^^^^^^^^^^^^^^^^^^^^^^\nModuleNotFoundError: No module named 'solver'\n""}"
66,2026-01-26 10:28:42.671142+09,ec4a8818-4255-4022-bc2c-c76013cb2482,,PY_SOLVER,tool,TOOL_FAIL,,,,TOOL:PY_SOLVER,"{""error"": ""Error: [PY_SOLVER_JSON_PARSE_FAIL]\nstdout:\n\nstderr:\nTraceback (most recent call last):\n  File \""/home/dmsal020813/src/py/solver/main.py\"", line 8, in <module>\n    import solver.bootstrap  # 반드시 먼저\n    ^^^^^^^^^^^^^^^^^^^^^^^\nModuleNotFoundError: No module named 'solver'\n""}"
67,2026-01-26 10:34:25.951149+09,0c8e7ba6-76b3-466e-bfe6-e07cbd0519d9,,PY_SOLVER,tool,TOOL_FAIL,,,,TOOL:PY_SOLVER,"{""error"": ""Error: [PY_SOLVER_JSON_PARSE_FAIL]\nstdout:\n\nstderr:\nTraceback (most recent call last):\n  File \""/home/dmsal020813/src/py/solver/main.py\"", line 8, in <module>\n    import solver.bootstrap  # 반드시 먼저\n    ^^^^^^^^^^^^^^^^^^^^^^^\nModuleNotFoundError: No module named 'solver'\n""}"
68,2026-01-26 10:37:41.338323+09,5aedb7c2-4c85-48f2-9a3c-46f044de50c0,,PY_SOLVER,tool,TOOL_FAIL,,,,TOOL:PY_SOLVER,"{""error"": ""Error: [PY_SOLVER_JSON_PARSE_FAIL]\nstdout:\n\nstderr:\nTraceback (most recent call last):\n  File \""/home/dmsal020813/src/py/solver/main.py\"", line 8, in <module>\n    import solver.bootstrap  # 반드시 먼저\n    ^^^^^^^^^^^^^^^^^^^^^^^\nModuleNotFoundError: No module named 'solver'\n""}"
69,2026-01-26 10:41:46.094653+09,e1b91ec2-3f3d-4198-bd4c-57f6cca5e4a7,,PY_SOLVER,tool,TOOL_FAIL,,,,TOOL:PY_SOLVER,"{""error"": ""Error: [PY_SOLVER_JSON_PARSE_FAIL]\nstdout:\n\nstderr:\nTraceback (most recent call last):\n  File \""/home/dmsal020813/src/py/solver/main.py\"", line 8, in <module>\n    import solver.bootstrap  # 반드시 먼저\n    ^^^^^^^^^^^^^^^^^^^^^^^\nModuleNotFoundError: No module named 'solver'\n""}"
70,2026-01-26 10:53:00.323815+09,52351d27-f432-43b3-874d-77edaa46cb6d,,PY_SOLVER,tool,TOOL_FAIL,,,,TOOL:PY_SOLVER,"{""error"": ""Error: [PY_SOLVER_JSON_PARSE_FAIL]\nstdout:\n\nstderr:\nTraceback (most recent call last):\n  File \""/home/dmsal020813/src/py/solver/main.py\"", line 8, in <module>\n    import solver.bootstrap  # 반드시 먼저\n    ^^^^^^^^^^^^^^^^^^^^^^^\nModuleNotFoundError: No module named 'solver'\n""}"
71,2026-01-26 11:02:41.097004+09,c2187acc-881a-4009-b36a-7b39caba9675,,MARKET_DATA,tool,TOOL_FAIL,,,,TOOL:MARKET_DATA,"{""error"": ""Error: [PY_SOLVER_JSON_PARSE_FAIL]\nstdout:\n\nstderr:\nTraceback (most recent call last):\n  File \""/home/dmsal020813/src/py/solver/main.py\"", line 8, in <module>\n    import solver.bootstrap  # 반드시 먼저\n    ^^^^^^^^^^^^^^^^^^^^^^^\nModuleNotFoundError: No module named 'solver'\n""}"
72,2026-01-26 11:10:31.899603+09,fe234e76-ff5d-4291-9d1e-25c3a6d029d3,,PY_SOLVER,tool,TOOL_FAIL,,,,TOOL:PY_SOLVER,"{""error"": ""Error: [PY_SOLVER_JSON_PARSE_FAIL]\nstdout:\n\nstderr:\nTraceback (most recent call last):\n  File \""/home/dmsal020813/src/py/solver/main.py\"", line 8, in <module>\n    import solver.bootstrap  # 반드시 먼저\n    ^^^^^^^^^^^^^^^^^^^^^^^\nModuleNotFoundError: No module named 'solver'\n""}"
73,2026-01-26 11:15:55.393636+09,290f2009-8a8e-4bd8-86bd-81ffd17d2822,,MARKET_DATA,tool,TOOL_FAIL,,,,TOOL:MARKET_DATA,"{""error"": ""Error: [PY_SOLVER_JSON_PARSE_FAIL]\nstdout:\n\nstderr:\nTraceback (most recent call last):\n  File \""/home/dmsal020813/src/py/solver/main.py\"", line 8, in <module>\n    import solver.bootstrap  # 반드시 먼저\n    ^^^^^^^^^^^^^^^^^^^^^^^\nModuleNotFoundError: No module named 'solver'\n""}"
74,2026-01-26 11:17:05.238039+09,b05d21f9-45d6-42f1-9010-df106a50cf16,,MARKET_DATA,tool,TOOL_FAIL,,,,TOOL:MARKET_DATA,"{""error"": ""Error: [PY_SOLVER_JSON_PARSE_FAIL]\nstdout:\n\nstderr:\nTraceback (most recent call last):\n  File \""/home/dmsal020813/src/py/solver/main.py\"", line 8, in <module>\n    import solver.bootstrap  # 반드시 먼저\n    ^^^^^^^^^^^^^^^^^^^^^^^\nModuleNotFoundError: No module named 'solver'\n""}"
75,2026-01-26 11:18:39.500707+09,5ea06613-8e03-4c07-a0b0-bd9d289e50b7,,MARKET_DATA,tool,TOOL_FAIL,,,,TOOL:MARKET_DATA,"{""error"": ""Error: [PY_SOLVER_JSON_PARSE_FAIL]\nstdout:\n\nstderr:\nTraceback (most recent call last):\n  File \""/home/dmsal020813/src/py/solver/main.py\"", line 8, in <module>\n    import solver.bootstrap  # 반드시 먼저\n    ^^^^^^^^^^^^^^^^^^^^^^^\nModuleNotFoundError: No module named 'solver'\n""}"
76,2026-01-26 11:27:46.901111+09,aa8345c4-fa71-4422-9ee0-83a18aebfd33,,PY_SOLVER,tool,TOOL_FAIL,,,,TOOL:PY_SOLVER,"{""error"": ""Error: [PY_SOLVER_JSON_PARSE_FAIL]\nstdout:\n\nstderr:\nTraceback (most recent call last):\n  File \""/home/dmsal020813/src/py/solver/main.py\"", line 8, in <module>\n    import solver.bootstrap  # 반드시 먼저\n    ^^^^^^^^^^^^^^^^^^^^^^^\nModuleNotFoundError: No module named 'solver'\n""}"
77,2026-01-26 11:37:26.928979+09,730040cf-e9d8-457a-8fb5-3aff7fcf0292,,PY_SOLVER,tool,TOOL_FAIL,,,,TOOL:PY_SOLVER,"{""error"": ""Error: [PY_SOLVER_JSON_PARSE_FAIL]\nstdout:\n\nstderr:\nTraceback (most recent call last):\n  File \""/home/dmsal020813/src/py/solver/main.py\"", line 8, in <module>\n    import solver.bootstrap  # 반드시 먼저\n    ^^^^^^^^^^^^^^^^^^^^^^^\nModuleNotFoundError: No module named 'solver'\n""}"
78,2026-01-26 11:42:50.076661+09,c372cdbf-ebb8-41b7-9f4f-16ebc19f211d,,PY_SOLVER,tool,TOOL_FAIL,,,,TOOL:PY_SOLVER,"{""error"": ""Error: [PY_SOLVER_JSON_PARSE_FAIL]\nstdout:\n\nstderr:\nTraceback (most recent call last):\n  File \""/home/dmsal020813/src/py/solver/main.py\"", line 8, in <module>\n    import solver.bootstrap  # 반드시 먼저\n    ^^^^^^^^^^^^^^^^^^^^^^^\nModuleNotFoundError: No module named 'solver'\n""}"
79,2026-01-26 11:47:08.602727+09,8085cfc8-6091-4ac4-8f94-675e6939728a,,PY_SOLVER,tool,TOOL_FAIL,,,,TOOL:PY_SOLVER,"{""error"": ""Error: [PY_SOLVER_JSON_PARSE_FAIL]\nstdout:\n\nstderr:\nTraceback (most recent call last):\n  File \""/home/dmsal020813/src/py/solver/main.py\"", line 8, in <module>\n    import solver.bootstrap  # 반드시 먼저\n    ^^^^^^^^^^^^^^^^^^^^^^^\nModuleNotFoundError: No module named 'solver'\n""}"
80,2026-01-26 12:18:45.994682+09,c84d8e52-3154-4f3a-88b6-66d3f1d21458,,PY_SOLVER,tool,TOOL_FAIL,,,,TOOL:PY_SOLVER,"{""error"": ""Error: [PY_SOLVER_JSON_PARSE_FAIL]\nstdout:\n\nstderr:\nTraceback (most recent call last):\n  File \""/home/dmsal020813/src/py/solver/main.py\"", line 8, in <module>\n    import solver.bootstrap  # 반드시 먼저\n    ^^^^^^^^^^^^^^^^^^^^^^^\nModuleNotFoundError: No module named 'solver'\n""}"
81,2026-01-26 12:36:21.491657+09,20a2756c-6a4c-4191-b31b-e922fa85f40a,,PY_SOLVER,tool,TOOL_FAIL,,,,TOOL:PY_SOLVER,"{""error"": ""Error: [PY_SOLVER_JSON_PARSE_FAIL]\nstdout:\n\nstderr:\nTraceback (most recent call last):\n  File \""/home/dmsal020813/src/py/solver/main.py\"", line 8, in <module>\n    import solver.bootstrap  # 반드시 먼저\n    ^^^^^^^^^^^^^^^^^^^^^^^\nModuleNotFoundError: No module named 'solver'\n""}"
82,2026-01-26 12:42:55.132428+09,57705d75-db99-40a3-adc0-adaf27eac38c,,MARKET_DATA,tool,TOOL_FAIL,,,,TOOL:MARKET_DATA,"{""error"": ""Error: [PY_SOLVER_JSON_PARSE_FAIL]\nstdout:\n\nstderr:\nTraceback (most recent call last):\n  File \""/home/dmsal020813/src/py/solver/main.py\"", line 8, in <module>\n    import solver.bootstrap  # 반드시 먼저\n    ^^^^^^^^^^^^^^^^^^^^^^^\nModuleNotFoundError: No module named 'solver'\n""}"
83,2026-01-26 12:46:40.88954+09,3a02177b-6296-44bd-8a2e-78702f9282ba,,PY_SOLVER,tool,TOOL_FAIL,,,,TOOL:PY_SOLVER,"{""error"": ""Error: [PY_SOLVER_JSON_PARSE_FAIL]\nstdout:\n\nstderr:\nTraceback (most recent call last):\n  File \""/home/dmsal020813/src/py/solver/main.py\"", line 8, in <module>\n    import solver.bootstrap  # 반드시 먼저\n    ^^^^^^^^^^^^^^^^^^^^^^^\nModuleNotFoundError: No module named 'solver'\n""}"
84,2026-01-26 12:48:37.927972+09,6a4adcec-6ddf-489e-b1ef-b4c1a6983788,,PY_SOLVER,tool,TOOL_FAIL,,,,TOOL:PY_SOLVER,"{""error"": ""Error: [PY_SOLVER_JSON_PARSE_FAIL]\nstdout:\n\nstderr:\nTraceback (most recent call last):\n  File \""/home/dmsal020813/src/py/solver/main.py\"", line 8, in <module>\n    import solver.bootstrap  # 반드시 먼저\n    ^^^^^^^^^^^^^^^^^^^^^^^\nModuleNotFoundError: No module named 'solver'\n""}"
85,2026-01-26 13:05:13.852953+09,081dd4d3-5b1d-48bc-9be9-35d21a5c8578,,PY_SOLVER,tool,TOOL_FAIL,,,,TOOL:PY_SOLVER,"{""error"": ""Error: [PY_SOLVER_JSON_PARSE_FAIL]\nstdout:\n\nstderr:\nTraceback (most recent call last):\n  File \""/home/dmsal020813/src/py/solver/main.py\"", line 8, in <module>\n    import solver.bootstrap  # 반드시 먼저\n    ^^^^^^^^^^^^^^^^^^^^^^^\nModuleNotFoundError: No module named 'solver'\n""}"
86,2026-01-26 13:22:11.089336+09,4cc069a2-e943-4c24-b876-b9017dc15489,,PY_SOLVER,tool,TOOL_FAIL,,,,TOOL:PY_SOLVER,"{""error"": ""Error: [PY_SOLVER_JSON_PARSE_FAIL]\nstdout:\n\nstderr:\nTraceback (most recent call last):\n  File \""/home/dmsal020813/src/py/solver/main.py\"", line 8, in <module>\n    import solver.bootstrap  # 반드시 먼저\n    ^^^^^^^^^^^^^^^^^^^^^^^\nModuleNotFoundError: No module named 'solver'\n""}"
87,2026-01-26 14:06:43.494531+09,170474fa-7fd3-4ece-a556-0e887db01f95,,PY_SOLVER,tool,TOOL_FAIL,,,,TOOL:PY_SOLVER,"{""error"": ""Error: [PY_SOLVER_JSON_PARSE_FAIL]\nstdout:\n\nstderr:\nTraceback (most recent call last):\n  File \""/home/dmsal020813/src/py/solver/main.py\"", line 8, in <module>\n    import solver.bootstrap  # 반드시 먼저\n    ^^^^^^^^^^^^^^^^^^^^^^^\nModuleNotFoundError: No module named 'solver'\n""}"
88,2026-01-26 14:07:48.055787+09,acfae6f8-6592-41aa-acc5-983932a05211,,PY_SOLVER,tool,TOOL_FAIL,,,,TOOL:PY_SOLVER,"{""error"": ""Error: [PY_SOLVER_JSON_PARSE_FAIL]\nstdout:\n\nstderr:\nTraceback (most recent call last):\n  File \""/home/dmsal020813/src/py/solver/main.py\"", line 8, in <module>\n    import solver.bootstrap  # 반드시 먼저\n    ^^^^^^^^^^^^^^^^^^^^^^^\nModuleNotFoundError: No module named 'solver'\n""}"
89,2026-01-26 14:14:44.432758+09,6b2ef7f7-179b-4b7f-be07-aed6245a8502,,PY_SOLVER,tool,TOOL_FAIL,,,,TOOL:PY_SOLVER,"{""error"": ""Error: [PY_SOLVER_JSON_PARSE_FAIL]\nstdout:\n\nstderr:\nTraceback (most recent call last):\n  File \""/home/dmsal020813/src/py/solver/main.py\"", line 8, in <module>\n    import solver.bootstrap  # 반드시 먼저\n    ^^^^^^^^^^^^^^^^^^^^^^^\nModuleNotFoundError: No module named 'solver'\n""}"
90,2026-01-26 14:47:31.820135+09,cbface60-939b-4bd0-8e4b-a7943e9ef12c,,PY_SOLVER,tool,TOOL_FAIL,,,,TOOL:PY_SOLVER,"{""error"": ""Error: [PY_SOLVER_JSON_PARSE_FAIL]\nstdout:\n\nstderr:\nTraceback (most recent call last):\n  File \""/home/dmsal020813/src/py/solver/main.py\"", line 8, in <module>\n    import solver.bootstrap  # 반드시 먼저\n    ^^^^^^^^^^^^^^^^^^^^^^^\nModuleNotFoundError: No module named 'solver'\n""}"
91,2026-01-26 15:57:27.994524+09,5c4689cb-9c1c-44a0-9d0b-1ed3357e89b3,,PY_SOLVER,tool,TOOL_FAIL,,,,TOOL:PY_SOLVER,"{""error"": ""Error: [PY_SOLVER_JSON_PARSE_FAIL]\nstdout:\n\nstderr:\nTraceback (most recent call last):\n  File \""/home/dmsal020813/src/py/solver/main.py\"", line 8, in <module>\n    import solver.bootstrap  # 반드시 먼저\n    ^^^^^^^^^^^^^^^^^^^^^^^\nModuleNotFoundError: No module named 'solver'\n""}"
92,2026-01-26 15:58:01.633771+09,2c68da44-2a47-41e0-be58-fc64eaed9e5a,,PY_SOLVER,tool,TOOL_FAIL,,,,TOOL:PY_SOLVER,"{""error"": ""Error: [PY_SOLVER_JSON_PARSE_FAIL]\nstdout:\n\nstderr:\nTraceback (most recent call last):\n  File \""/home/dmsal020813/src/py/solver/main.py\"", line 8, in <module>\n    import solver.bootstrap  # 반드시 먼저\n    ^^^^^^^^^^^^^^^^^^^^^^^\nModuleNotFoundError: No module named 'solver'\n""}"
93,2026-01-26 15:58:59.707664+09,c7b14e31-b03a-4ba3-8bf0-4250ab802717,,PY_SOLVER,tool,TOOL_FAIL,,,,TOOL:PY_SOLVER,"{""error"": ""Error: [PY_SOLVER_JSON_PARSE_FAIL]\nstdout:\n\nstderr:\nTraceback (most recent call last):\n  File \""/home/dmsal020813/src/py/solver/main.py\"", line 8, in <module>\n    import solver.bootstrap  # 반드시 먼저\n    ^^^^^^^^^^^^^^^^^^^^^^^\nModuleNotFoundError: No module named 'solver'\n""}"
94,2026-01-26 15:59:12.862346+09,72c82239-e739-4980-abdc-e8d4cc89b271,,PY_SOLVER,tool,TOOL_FAIL,,,,TOOL:PY_SOLVER,"{""error"": ""Error: [PY_SOLVER_JSON_PARSE_FAIL]\nstdout:\n\nstderr:\nTraceback (most recent call last):\n  File \""/home/dmsal020813/src/py/solver/main.py\"", line 8, in <module>\n    import solver.bootstrap  # 반드시 먼저\n    ^^^^^^^^^^^^^^^^^^^^^^^\nModuleNotFoundError: No module named 'solver'\n""}"
95,2026-01-26 16:05:23.315839+09,dde7225d-e50f-442e-a598-979db6dfe354,,MARKET_DATA,tool,TOOL_FAIL,,,,TOOL:MARKET_DATA,"{""error"": ""Error: [PY_SOLVER_JSON_PARSE_FAIL]\nstdout:\n\nstderr:\nTraceback (most recent call last):\n  File \""/home/dmsal020813/src/py/solver/main.py\"", line 8, in <module>\n    import solver.bootstrap  # 반드시 먼저\n    ^^^^^^^^^^^^^^^^^^^^^^^\nModuleNotFoundError: No module named 'solver'\n""}"
96,2026-01-26 16:14:26.436213+09,2a1f9d0a-626f-4188-86b5-bf6d7e0dbadf,,MARKET_DATA,tool,TOOL_FAIL,,,,TOOL:MARKET_DATA,"{""error"": ""Error: [PY_SOLVER_JSON_PARSE_FAIL]\nstdout:\n\nstderr:\nTraceback (most recent call last):\n  File \""/home/dmsal020813/src/py/solver/main.py\"", line 8, in <module>\n    import solver.bootstrap  # 반드시 먼저\n    ^^^^^^^^^^^^^^^^^^^^^^^\nModuleNotFoundError: No module named 'solver'\n""}"
97,2026-01-26 16:15:31.444181+09,d17cef31-bf74-48dc-8f2b-8b2b4e17b29f,,PY_SOLVER,tool,TOOL_FAIL,,,,TOOL:PY_SOLVER,"{""error"": ""Error: [PY_SOLVER_JSON_PARSE_FAIL]\nstdout:\n\nstderr:\nTraceback (most recent call last):\n  File \""/home/dmsal020813/src/py/solver/main.py\"", line 8, in <module>\n    import solver.bootstrap  # 반드시 먼저\n    ^^^^^^^^^^^^^^^^^^^^^^^\nModuleNotFoundError: No module named 'solver'\n""}"
98,2026-01-26 16:24:32.726659+09,0e58c3ce-a8ec-4a41-80d3-d70e447f1700,,MARKET_DATA,tool,TOOL_FAIL,,,,TOOL:MARKET_DATA,"{""error"": ""Error: [PY_SOLVER_JSON_PARSE_FAIL]\nstdout:\n\nstderr:\nTraceback (most recent call last):\n  File \""/home/dmsal020813/src/py/solver/main.py\"", line 8, in <module>\n    import solver.bootstrap  # 반드시 먼저\n    ^^^^^^^^^^^^^^^^^^^^^^^\nModuleNotFoundError: No module named 'solver'\n""}"
99,2026-01-26 16:54:18.02476+09,09376aca-2793-448b-a326-5f2ce46b4a07,,MARKET_DATA,tool,TOOL_FAIL,,,,TOOL:MARKET_DATA,"{""error"": ""Error: [PY_SOLVER_JSON_PARSE_FAIL]\nstdout:\n\nstderr:\nTraceback (most recent call last):\n  File \""/home/dmsal020813/src/py/solver/main.py\"", line 8, in <module>\n    import solver.bootstrap  # 반드시 먼저\n    ^^^^^^^^^^^^^^^^^^^^^^^\nModuleNotFoundError: No module named 'solver'\n""}"
100,2026-01-26 16:59:14.359633+09,2969f39c-1394-49d3-87aa-e329d6cbf616,,MARKET_DATA,tool,TOOL_FAIL,,,,TOOL:MARKET_DATA,"{""error"": ""Error: [PY_SOLVER_JSON_PARSE_FAIL]\nstdout:\n\nstderr:\nTraceback (most recent call last):\n  File \""/home/dmsal020813/src/py/solver/main.py\"", line 8, in <module>\n    import solver.bootstrap  # 반드시 먼저\n    ^^^^^^^^^^^^^^^^^^^^^^^\nModuleNotFoundError: No module named 'solver'\n""}"
101,2026-01-26 17:43:12.099883+09,7db45b7b-dd58-47dd-998c-38004c94c5f1,,PY_SOLVER,tool,TOOL_FAIL,,,,TOOL:PY_SOLVER,"{""error"": ""Error: [PY_SOLVER_JSON_PARSE_FAIL]\nstdout:\n\nstderr:\nTraceback (most recent call last):\n  File \""/home/dmsal020813/src/py/solver/main.py\"", line 8, in <module>\n    import solver.bootstrap  # 반드시 먼저\n    ^^^^^^^^^^^^^^^^^^^^^^^\nModuleNotFoundError: No module named 'solver'\n""}"
102,2026-01-26 17:51:16.781518+09,59404e3b-35e2-41ee-916e-ac1217db2fea,,MARKET_DATA,tool,TOOL_FAIL,,,,TOOL:MARKET_DATA,"{""error"": ""Error: [PY_SOLVER_JSON_PARSE_FAIL]\nstdout:\n\nstderr:\nTraceback (most recent call last):\n  File \""/home/dmsal020813/src/py/solver/main.py\"", line 8, in <module>\n    import solver.bootstrap  # 반드시 먼저\n    ^^^^^^^^^^^^^^^^^^^^^^^\nModuleNotFoundError: No module named 'solver'\n""}"
103,2026-01-26 18:11:01.380923+09,7661c15a-16b5-45c3-a5d0-4931b1195eb2,,PY_SOLVER,tool,TOOL_FAIL,,,,TOOL:PY_SOLVER,"{""error"": ""Error: [PY_SOLVER_JSON_PARSE_FAIL]\nstdout:\n\nstderr:\nTraceback (most recent call last):\n  File \""/home/dmsal020813/src/py/solver/main.py\"", line 8, in <module>\n    import solver.bootstrap  # 반드시 먼저\n    ^^^^^^^^^^^^^^^^^^^^^^^\nModuleNotFoundError: No module named 'solver'\n""}"
104,2026-01-26 18:28:58.842773+09,6b6c850c-c6dd-42d7-869e-907c21c055de,,PY_SOLVER,tool,TOOL_FAIL,,,,TOOL:PY_SOLVER,"{""error"": ""Error: [PY_SOLVER_JSON_PARSE_FAIL]\nstdout:\n\nstderr:\nTraceback (most recent call last):\n  File \""/home/dmsal020813/src/py/solver/main.py\"", line 8, in <module>\n    import solver.bootstrap  # 반드시 먼저\n    ^^^^^^^^^^^^^^^^^^^^^^^\nModuleNotFoundError: No module named 'solver'\n""}"
105,2026-01-26 19:39:33.494018+09,90b2ac39-046b-48cd-a219-e2b87ba1cdbe,,MARKET_DATA,tool,TOOL_FAIL,,,,TOOL:MARKET_DATA,"{""error"": ""Error: [PY_SOLVER_JSON_PARSE_FAIL]\nstdout:\n\nstderr:\nTraceback (most recent call last):\n  File \""/home/dmsal020813/src/py/solver/main.py\"", line 8, in <module>\n    import solver.bootstrap  # 반드시 먼저\n    ^^^^^^^^^^^^^^^^^^^^^^^\nModuleNotFoundError: No module named 'solver'\n""}"
106,2026-01-26 19:41:35.152461+09,c223a040-47e0-4f1a-932b-bfbd0cdffa4c,,MARKET_DATA,tool,TOOL_FAIL,,,,TOOL:MARKET_DATA,"{""error"": ""Error: [PY_SOLVER_JSON_PARSE_FAIL]\nstdout:\n\nstderr:\nTraceback (most recent call last):\n  File \""/home/dmsal020813/src/py/solver/main.py\"", line 8, in <module>\n    import solver.bootstrap  # 반드시 먼저\n    ^^^^^^^^^^^^^^^^^^^^^^^\nModuleNotFoundError: No module named 'solver'\n""}"
107,2026-01-26 19:49:36.932562+09,81ac6f84-b066-4a7a-8fd9-5353a68b635f,,PY_SOLVER,tool,TOOL_FAIL,,,,TOOL:PY_SOLVER,"{""error"": ""Error: [PY_SOLVER_JSON_PARSE_FAIL]\nstdout:\n\nstderr:\nTraceback (most recent call last):\n  File \""/home/dmsal020813/src/py/solver/main.py\"", line 8, in <module>\n    import solver.bootstrap  # 반드시 먼저\n    ^^^^^^^^^^^^^^^^^^^^^^^\nModuleNotFoundError: No module named 'solver'\n""}"
108,2026-01-26 19:56:57.065563+09,888cfba7-82c7-4140-b3c4-fb936bf3a710,,MARKET_DATA,tool,TOOL_FAIL,,,,TOOL:MARKET_DATA,"{""error"": ""Error: [PY_SOLVER_JSON_PARSE_FAIL]\nstdout:\n\nstderr:\nTraceback (most recent call last):\n  File \""/home/dmsal020813/src/py/solver/main.py\"", line 8, in <module>\n    import solver.bootstrap  # 반드시 먼저\n    ^^^^^^^^^^^^^^^^^^^^^^^\nModuleNotFoundError: No module named 'solver'\n""}"
109,2026-01-26 20:04:26.435778+09,402f3dd4-ec11-4fff-97d3-1fb877aff5a8,,PY_SOLVER,tool,TOOL_FAIL,,,,TOOL:PY_SOLVER,"{""error"": ""Error: [PY_SOLVER_JSON_PARSE_FAIL]\nstdout:\n\nstderr:\nTraceback (most recent call last):\n  File \""/home/dmsal020813/src/py/solver/main.py\"", line 8, in <module>\n    import solver.bootstrap  # 반드시 먼저\n    ^^^^^^^^^^^^^^^^^^^^^^^\nModuleNotFoundError: No module named 'solver'\n""}"
110,2026-01-26 20:09:06.132141+09,5c948f81-a87b-4c68-a72c-f464d37a6447,,MARKET_DATA,tool,TOOL_FAIL,,,,TOOL:MARKET_DATA,"{""error"": ""Error: [PY_SOLVER_JSON_PARSE_FAIL]\nstdout:\n\nstderr:\nTraceback (most recent call last):\n  File \""/home/dmsal020813/src/py/solver/main.py\"", line 8, in <module>\n    import solver.bootstrap  # 반드시 먼저\n    ^^^^^^^^^^^^^^^^^^^^^^^\nModuleNotFoundError: No module named 'solver'\n""}"
111,2026-01-26 20:18:52.932647+09,325eeeef-fec5-418a-a7c4-c38e1be6efb6,,MARKET_DATA,tool,TOOL_FAIL,,,,TOOL:MARKET_DATA,"{""error"": ""Error: [PY_SOLVER_JSON_PARSE_FAIL]\nstdout:\n\nstderr:\nTraceback (most recent call last):\n  File \""/home/dmsal020813/src/py/solver/main.py\"", line 8, in <module>\n    import solver.bootstrap  # 반드시 먼저\n    ^^^^^^^^^^^^^^^^^^^^^^^\nModuleNotFoundError: No module named 'solver'\n""}"
112,2026-01-26 20:27:46.793763+09,c39b775d-464a-40ab-af9f-1933a7dd942c,,PY_SOLVER,tool,TOOL_FAIL,,,,TOOL:PY_SOLVER,"{""error"": ""Error: [PY_SOLVER_JSON_PARSE_FAIL]\nstdout:\n\nstderr:\nTraceback (most recent call last):\n  File \""/home/dmsal020813/src/py/solver/main.py\"", line 8, in <module>\n    import solver.bootstrap  # 반드시 먼저\n    ^^^^^^^^^^^^^^^^^^^^^^^\nModuleNotFoundError: No module named 'solver'\n""}"
113,2026-01-26 20:33:16.967245+09,ea0ccd94-0cb6-4d7a-8a2e-3696ea31d2a5,,PY_SOLVER,tool,TOOL_FAIL,,,,TOOL:PY_SOLVER,"{""error"": ""Error: [PY_SOLVER_JSON_PARSE_FAIL]\nstdout:\n\nstderr:\nTraceback (most recent call last):\n  File \""/home/dmsal020813/src/py/solver/main.py\"", line 8, in <module>\n    import solver.bootstrap  # 반드시 먼저\n    ^^^^^^^^^^^^^^^^^^^^^^^\nModuleNotFoundError: No module named 'solver'\n""}"
114,2026-01-26 20:47:23.328528+09,384da3a1-2d67-46f3-8d3b-c9c83b293a09,,MARKET_DATA,tool,TOOL_FAIL,,,,TOOL:MARKET_DATA,"{""error"": ""Error: [PY_SOLVER_JSON_PARSE_FAIL]\nstdout:\n\nstderr:\nTraceback (most recent call last):\n  File \""/home/dmsal020813/src/py/solver/main.py\"", line 8, in <module>\n    import solver.bootstrap  # 반드시 먼저\n    ^^^^^^^^^^^^^^^^^^^^^^^\nModuleNotFoundError: No module named 'solver'\n""}"
115,2026-01-26 21:01:55.928709+09,acd1d3c6-01e4-4970-9bad-e6f9d2699b2e,,PY_SOLVER,tool,TOOL_FAIL,,,,TOOL:PY_SOLVER,"{""error"": ""Error: [PY_SOLVER_JSON_PARSE_FAIL]\nstdout:\n\nstderr:\nTraceback (most recent call last):\n  File \""/home/dmsal020813/src/py/solver/main.py\"", line 8, in <module>\n    import solver.bootstrap  # 반드시 먼저\n    ^^^^^^^^^^^^^^^^^^^^^^^\nModuleNotFoundError: No module named 'solver'\n""}"
116,2026-01-26 21:09:35.099232+09,f00d686a-dca1-4f69-b7ff-d2f188adf32e,,PY_SOLVER,tool,TOOL_FAIL,,,,TOOL:PY_SOLVER,"{""error"": ""Error: [PY_SOLVER_JSON_PARSE_FAIL]\nstdout:\n\nstderr:\nTraceback (most recent call last):\n  File \""/home/dmsal020813/src/py/solver/main.py\"", line 8, in <module>\n    import solver.bootstrap  # 반드시 먼저\n    ^^^^^^^^^^^^^^^^^^^^^^^\nModuleNotFoundError: No module named 'solver'\n""}"
117,2026-01-26 21:26:02.388597+09,09829e52-eec7-413e-8756-d7fcae09d03d,,MARKET_DATA,tool,TOOL_FAIL,,,,TOOL:MARKET_DATA,"{""error"": ""Error: [PY_SOLVER_JSON_PARSE_FAIL]\nstdout:\n\nstderr:\nTraceback (most recent call last):\n  File \""/home/dmsal020813/src/py/solver/main.py\"", line 8, in <module>\n    import solver.bootstrap  # 반드시 먼저\n    ^^^^^^^^^^^^^^^^^^^^^^^\nModuleNotFoundError: No module named 'solver'\n""}"
118,2026-01-26 21:40:18.813818+09,b3789fdf-1eb9-4e3a-bc66-49cb34b0c611,,PY_SOLVER,tool,TOOL_FAIL,,,,TOOL:PY_SOLVER,"{""error"": ""Error: [PY_SOLVER_JSON_PARSE_FAIL]\nstdout:\n\nstderr:\nTraceback (most recent call last):\n  File \""/home/dmsal020813/src/py/solver/main.py\"", line 8, in <module>\n    import solver.bootstrap  # 반드시 먼저\n    ^^^^^^^^^^^^^^^^^^^^^^^\nModuleNotFoundError: No module named 'solver'\n""}"
119,2026-01-26 21:56:27.779027+09,8b3cee4a-441f-4394-9a04-dd909d9bd4ee,,PY_SOLVER,tool,TOOL_FAIL,,,,TOOL:PY_SOLVER,"{""error"": ""Error: [PY_SOLVER_JSON_PARSE_FAIL]\nstdout:\n\nstderr:\nTraceback (most recent call last):\n  File \""/home/dmsal020813/src/py/solver/main.py\"", line 8, in <module>\n    import solver.bootstrap  # 반드시 먼저\n    ^^^^^^^^^^^^^^^^^^^^^^^\nModuleNotFoundError: No module named 'solver'\n""}"
120,2026-01-26 22:00:04.422396+09,9d369eb0-9564-4b71-b24f-8c20ab46c175,,MARKET_DATA,tool,TOOL_FAIL,,,,TOOL:MARKET_DATA,"{""error"": ""Error: [PY_SOLVER_JSON_PARSE_FAIL]\nstdout:\n\nstderr:\nTraceback (most recent call last):\n  File \""/home/dmsal020813/src/py/solver/main.py\"", line 8, in <module>\n    import solver.bootstrap  # 반드시 먼저\n    ^^^^^^^^^^^^^^^^^^^^^^^\nModuleNotFoundError: No module named 'solver'\n""}"
121,2026-01-26 22:05:33.438571+09,661b0a60-d0fd-46af-8926-3577d12961e9,,MARKET_DATA,tool,TOOL_FAIL,,,,TOOL:MARKET_DATA,"{""error"": ""Error: [PY_SOLVER_JSON_PARSE_FAIL]\nstdout:\n\nstderr:\nTraceback (most recent call last):\n  File \""/home/dmsal020813/src/py/solver/main.py\"", line 8, in <module>\n    import solver.bootstrap  # 반드시 먼저\n    ^^^^^^^^^^^^^^^^^^^^^^^\nModuleNotFoundError: No module named 'solver'\n""}"
122,2026-01-26 22:13:13.946215+09,e64af792-e1a1-4758-adca-00eff9facdc8,,PY_SOLVER,tool,TOOL_FAIL,,,,TOOL:PY_SOLVER,"{""error"": ""Error: [PY_SOLVER_JSON_PARSE_FAIL]\nstdout:\n\nstderr:\nTraceback (most recent call last):\n  File \""/home/dmsal020813/src/py/solver/main.py\"", line 8, in <module>\n    import solver.bootstrap  # 반드시 먼저\n    ^^^^^^^^^^^^^^^^^^^^^^^\nModuleNotFoundError: No module named 'solver'\n""}"
123,2026-01-27 10:35:05.587303+09,dde4bb94-518c-46fd-a31a-14dfb3520010,,MARKET_DATA,tool,TOOL_FAIL,,,,TOOL:MARKET_DATA,"{""error"": ""Error: [PY_SOLVER_JSON_PARSE_FAIL]\nstdout:\n\nstderr:\nTraceback (most recent call last):\n  File \""/home/dmsal020813/src/py/solver/main.py\"", line 8, in <module>\n    import solver.bootstrap  # 반드시 먼저\n    ^^^^^^^^^^^^^^^^^^^^^^^\nModuleNotFoundError: No module named 'solver'\n""}"
124,2026-01-27 11:56:48.984577+09,179258d6-d1ab-4427-8a26-ad60bfed5eea,,MARKET_DATA,tool,TOOL_FAIL,,,,TOOL:MARKET_DATA,"{""error"": ""Error: [PY_SOLVER_JSON_PARSE_FAIL]\nstdout:\n\nstderr:\nTraceback (most recent call last):\n  File \""/home/dmsal020813/src/py/solver/main.py\"", line 8, in <module>\n    import solver.bootstrap  # 반드시 먼저\n    ^^^^^^^^^^^^^^^^^^^^^^^\nModuleNotFoundError: No module named 'solver'\n""}"
125,2026-01-27 12:07:41.203025+09,e6507963-22ad-4e0e-ad2e-d3cbd38d1bd9,,MARKET_DATA,tool,TOOL_FAIL,,,,TOOL:MARKET_DATA,"{""error"": ""Error: [PY_SOLVER_JSON_PARSE_FAIL]\nstdout:\n\nstderr:\nTraceback (most recent call last):\n  File \""/home/dmsal020813/src/py/solver/main.py\"", line 8, in <module>\n    import solver.bootstrap  # 반드시 먼저\n    ^^^^^^^^^^^^^^^^^^^^^^^\nModuleNotFoundError: No module named 'solver'\n""}"
126,2026-01-27 12:17:50.125641+09,3a82ace5-b479-4498-9ba5-5b98542fcca8,,PY_SOLVER,tool,TOOL_FAIL,,,,TOOL:PY_SOLVER,"{""error"": ""Error: [PY_SOLVER_JSON_PARSE_FAIL]\nstdout:\n\nstderr:\nTraceback (most recent call last):\n  File \""/home/dmsal020813/src/py/solver/main.py\"", line 8, in <module>\n    import solver.bootstrap  # 반드시 먼저\n    ^^^^^^^^^^^^^^^^^^^^^^^\nModuleNotFoundError: No module named 'solver'\n""}"
127,2026-01-27 12:22:36.969769+09,62c0ed65-58c0-46bd-a5d6-7b85b2f35140,,PY_SOLVER,tool,TOOL_FAIL,,,,TOOL:PY_SOLVER,"{""error"": ""Error: [PY_SOLVER_JSON_PARSE_FAIL]\nstdout:\n\nstderr:\nTraceback (most recent call last):\n  File \""/home/dmsal020813/src/py/solver/main.py\"", line 8, in <module>\n    import solver.bootstrap  # 반드시 먼저\n    ^^^^^^^^^^^^^^^^^^^^^^^\nModuleNotFoundError: No module named 'solver'\n""}"
128,2026-01-27 12:29:06.149191+09,3826ebcc-6129-41bb-a751-049bf1f37dc6,,PY_SOLVER,tool,TOOL_FAIL,,,,TOOL:PY_SOLVER,"{""error"": ""Error: [PY_SOLVER_JSON_PARSE_FAIL]\nstdout:\n\nstderr:\nTraceback (most recent call last):\n  File \""/home/dmsal020813/src/py/solver/main.py\"", line 8, in <module>\n    import solver.bootstrap  # 반드시 먼저\n    ^^^^^^^^^^^^^^^^^^^^^^^\nModuleNotFoundError: No module named 'solver'\n""}"
129,2026-01-27 12:34:40.186684+09,a6a6d3e0-925f-48ce-b58d-b9380d7ed846,,MARKET_DATA,tool,TOOL_FAIL,,,,TOOL:MARKET_DATA,"{""error"": ""Error: [PY_SOLVER_JSON_PARSE_FAIL]\nstdout:\n\nstderr:\nTraceback (most recent call last):\n  File \""/home/dmsal020813/src/py/solver/main.py\"", line 8, in <module>\n    import solver.bootstrap  # 반드시 먼저\n    ^^^^^^^^^^^^^^^^^^^^^^^\nModuleNotFoundError: No module named 'solver'\n""}"
130,2026-01-27 12:54:27.775703+09,c5c58867-e38e-4990-8b0e-58c0be6340ac,,PY_SOLVER,tool,TOOL_FAIL,,,,TOOL:PY_SOLVER,"{""error"": ""Error: [PY_SOLVER_JSON_PARSE_FAIL]\nstdout:\n\nstderr:\nTraceback (most recent call last):\n  File \""/home/dmsal020813/src/py/solver/main.py\"", line 8, in <module>\n    import solver.bootstrap  # 반드시 먼저\n    ^^^^^^^^^^^^^^^^^^^^^^^\nModuleNotFoundError: No module named 'solver'\n""}"
131,2026-01-27 13:23:11.605521+09,832659ae-7617-4455-9537-2853e83ece76,,MARKET_DATA,tool,TOOL_FAIL,,,,TOOL:MARKET_DATA,"{""error"": ""Error: [PY_SOLVER_JSON_PARSE_FAIL]\nstdout:\n\nstderr:\nTraceback (most recent call last):\n  File \""/home/dmsal020813/src/py/solver/main.py\"", line 8, in <module>\n    import solver.bootstrap  # 반드시 먼저\n    ^^^^^^^^^^^^^^^^^^^^^^^\nModuleNotFoundError: No module named 'solver'\n""}"
132,2026-01-27 13:59:17.431891+09,908672d6-f0d2-4894-b133-ccae5668e823,,PY_SOLVER,tool,TOOL_FAIL,,,,TOOL:PY_SOLVER,"{""error"": ""Error: [PY_SOLVER_JSON_PARSE_FAIL]\nstdout:\n\nstderr:\nTraceback (most recent call last):\n  File \""/home/dmsal020813/src/py/solver/main.py\"", line 8, in <module>\n    import solver.bootstrap  # 반드시 먼저\n    ^^^^^^^^^^^^^^^^^^^^^^^\nModuleNotFoundError: No module named 'solver'\n""}"
133,2026-01-27 14:49:02.358075+09,4b8c8f53-aaef-4e20-ae3a-d8b588eb9104,,PY_SOLVER,tool,TOOL_FAIL,,,,TOOL:PY_SOLVER,"{""error"": ""Error: [PY_SOLVER_JSON_PARSE_FAIL]\nstdout:\n\nstderr:\nTraceback (most recent call last):\n  File \""/home/dmsal020813/src/py/solver/main.py\"", line 8, in <module>\n    import solver.bootstrap  # 반드시 먼저\n    ^^^^^^^^^^^^^^^^^^^^^^^\nModuleNotFoundError: No module named 'solver'\n""}"
134,2026-01-27 14:50:28.82594+09,04883033-10ee-4685-bd13-5a435ea0f207,,MARKET_DATA,tool,TOOL_FAIL,,,,TOOL:MARKET_DATA,"{""error"": ""Error: [PY_SOLVER_JSON_PARSE_FAIL]\nstdout:\n\nstderr:\nTraceback (most recent call last):\n  File \""/home/dmsal020813/src/py/solver/main.py\"", line 8, in <module>\n    import solver.bootstrap  # 반드시 먼저\n    ^^^^^^^^^^^^^^^^^^^^^^^\nModuleNotFoundError: No module named 'solver'\n""}"
135,2026-01-27 15:07:48.552733+09,4a7ba3f8-9e0e-4e2c-8608-5dd4f1f8eee5,,PY_SOLVER,tool,TOOL_FAIL,,,,TOOL:PY_SOLVER,"{""error"": ""Error: [PY_SOLVER_JSON_PARSE_FAIL]\nstdout:\n\nstderr:\nTraceback (most recent call last):\n  File \""/home/dmsal020813/src/py/solver/main.py\"", line 8, in <module>\n    import solver.bootstrap  # 반드시 먼저\n    ^^^^^^^^^^^^^^^^^^^^^^^\nModuleNotFoundError: No module named 'solver'\n""}"
136,2026-01-27 15:24:46.59858+09,a6a44539-3b6f-4149-bd32-93bd4a5e6280,,PY_SOLVER,tool,TOOL_FAIL,,,,TOOL:PY_SOLVER,"{""error"": ""Error: [PY_SOLVER_JSON_PARSE_FAIL]\nstdout:\n\nstderr:\nTraceback (most recent call last):\n  File \""/home/dmsal020813/src/py/solver/main.py\"", line 8, in <module>\n    import solver.bootstrap  # 반드시 먼저\n    ^^^^^^^^^^^^^^^^^^^^^^^\nModuleNotFoundError: No module named 'solver'\n""}"
137,2026-01-27 15:36:31.674156+09,ed7def84-a216-4391-a33e-9560b7643c27,,MARKET_DATA,tool,TOOL_FAIL,,,,TOOL:MARKET_DATA,"{""error"": ""Error: [PY_SOLVER_JSON_PARSE_FAIL]\nstdout:\n\nstderr:\nTraceback (most recent call last):\n  File \""/home/dmsal020813/src/py/solver/main.py\"", line 8, in <module>\n    import solver.bootstrap  # 반드시 먼저\n    ^^^^^^^^^^^^^^^^^^^^^^^\nModuleNotFoundError: No module named 'solver'\n""}"
138,2026-01-27 15:59:21.492653+09,2d43ca8c-b32b-4876-bd6e-e49bd60bfcd0,,PY_SOLVER,tool,TOOL_FAIL,,,,TOOL:PY_SOLVER,"{""error"": ""Error: [PY_SOLVER_JSON_PARSE_FAIL]\nstdout:\n\nstderr:\nTraceback (most recent call last):\n  File \""/home/dmsal020813/src/py/solver/main.py\"", line 8, in <module>\n    import solver.bootstrap  # 반드시 먼저\n    ^^^^^^^^^^^^^^^^^^^^^^^\nModuleNotFoundError: No module named 'solver'\n""}"
139,2026-01-27 16:32:04.175106+09,2a5ac8e3-3ccc-4465-ae13-a3521a57a6e9,,MARKET_DATA,tool,TOOL_FAIL,,,,TOOL:MARKET_DATA,"{""error"": ""Error: [PY_SOLVER_JSON_PARSE_FAIL]\nstdout:\n\nstderr:\nTraceback (most recent call last):\n  File \""/home/dmsal020813/src/py/solver/main.py\"", line 8, in <module>\n    import solver.bootstrap  # 반드시 먼저\n    ^^^^^^^^^^^^^^^^^^^^^^^\nModuleNotFoundError: No module named 'solver'\n""}"
140,2026-01-27 16:52:25.733954+09,98136538-034d-4a7f-8658-621d56971dc2,,MARKET_DATA,tool,TOOL_FAIL,,,,TOOL:MARKET_DATA,"{""error"": ""Error: [PY_SOLVER_JSON_PARSE_FAIL]\nstdout:\n\nstderr:\nTraceback (most recent call last):\n  File \""/home/dmsal020813/src/py/solver/main.py\"", line 8, in <module>\n    import solver.bootstrap  # 반드시 먼저\n    ^^^^^^^^^^^^^^^^^^^^^^^\nModuleNotFoundError: No module named 'solver'\n""}"
141,2026-01-27 16:55:30.692104+09,9d2f15a8-32dd-49db-b376-8fb33c16045a,,MARKET_DATA,tool,TOOL_FAIL,,,,TOOL:MARKET_DATA,"{""error"": ""Error: [PY_SOLVER_JSON_PARSE_FAIL]\nstdout:\n\nstderr:\nTraceback (most recent call last):\n  File \""/home/dmsal020813/src/py/solver/main.py\"", line 8, in <module>\n    import solver.bootstrap  # 반드시 먼저\n    ^^^^^^^^^^^^^^^^^^^^^^^\nModuleNotFoundError: No module named 'solver'\n""}"
142,2026-01-27 16:56:44.147214+09,ad1ac379-422d-4d5e-9e0d-3231a7603b53,,MARKET_DATA,tool,TOOL_FAIL,,,,TOOL:MARKET_DATA,"{""error"": ""Error: [PY_SOLVER_JSON_PARSE_FAIL]\nstdout:\n\nstderr:\nTraceback (most recent call last):\n  File \""/home/dmsal020813/src/py/solver/main.py\"", line 8, in <module>\n    import solver.bootstrap  # 반드시 먼저\n    ^^^^^^^^^^^^^^^^^^^^^^^\nModuleNotFoundError: No module named 'solver'\n""}"
143,2026-01-27 17:39:51.038777+09,349baba7-1d72-4b43-9908-b5d963544bf7,,MARKET_DATA,tool,TOOL_FAIL,,,,TOOL:MARKET_DATA,"{""error"": ""Error: [PY_SOLVER_JSON_PARSE_FAIL]\nstdout:\n\nstderr:\nTraceback (most recent call last):\n  File \""/home/dmsal020813/src/py/solver/main.py\"", line 8, in <module>\n    import solver.bootstrap  # 반드시 먼저\n    ^^^^^^^^^^^^^^^^^^^^^^^\nModuleNotFoundError: No module named 'solver'\n""}"
144,2026-01-27 21:08:39.93174+09,298f5419-a407-49b7-a21c-8d9f4892df27,,MARKET_DATA,tool,TOOL_FAIL,,,,TOOL:MARKET_DATA,"{""error"": ""Error: [PY_SOLVER_JSON_PARSE_FAIL]\nstdout:\n\nstderr:\nTraceback (most recent call last):\n  File \""/home/dmsal020813/src/py/solver/main.py\"", line 8, in <module>\n    import solver.bootstrap  # 반드시 먼저\n    ^^^^^^^^^^^^^^^^^^^^^^^\nModuleNotFoundError: No module named 'solver'\n""}"
145,2026-01-27 21:09:40.955284+09,cdf8bbb3-8626-493b-adab-8b6c10c91a23,,MARKET_DATA,tool,TOOL_FAIL,,,,TOOL:MARKET_DATA,"{""error"": ""Error: [PY_SOLVER_JSON_PARSE_FAIL]\nstdout:\n\nstderr:\nTraceback (most recent call last):\n  File \""/home/dmsal020813/src/py/solver/main.py\"", line 8, in <module>\n    import solver.bootstrap  # 반드시 먼저\n    ^^^^^^^^^^^^^^^^^^^^^^^\nModuleNotFoundError: No module named 'solver'\n""}"
146,2026-01-27 21:37:42.927264+09,3ffe2512-a957-4e9e-a519-6d4f4192d0a6,,MARKET_DATA,tool,TOOL_FAIL,,,,TOOL:MARKET_DATA,"{""error"": ""Error: [PY_SOLVER_JSON_PARSE_FAIL]\nstdout:\n\nstderr:\nTraceback (most recent call last):\n  File \""/home/dmsal020813/src/py/solver/main.py\"", line 8, in <module>\n    import solver.bootstrap  # 반드시 먼저\n    ^^^^^^^^^^^^^^^^^^^^^^^\nModuleNotFoundError: No module named 'solver'\n""}"
147,2026-01-27 21:41:00.776899+09,702a48b7-c65f-427c-85d1-85eacef499cf,,MARKET_DATA,tool,TOOL_FAIL,,,,TOOL:MARKET_DATA,"{""error"": ""Error: [PY_SOLVER_JSON_PARSE_FAIL]\nstdout:\n\nstderr:\nTraceback (most recent call last):\n  File \""/home/dmsal020813/src/py/solver/main.py\"", line 8, in <module>\n    import solver.bootstrap  # 반드시 먼저\n    ^^^^^^^^^^^^^^^^^^^^^^^\nModuleNotFoundError: No module named 'solver'\n""}"
148,2026-01-27 21:42:19.136751+09,6d2ed8b5-2476-4aeb-a779-30e478db542c,,MARKET_DATA,tool,TOOL_FAIL,,,,TOOL:MARKET_DATA,"{""error"": ""Error: [PY_SOLVER_JSON_PARSE_FAIL]\nstdout:\n\nstderr:\nTraceback (most recent call last):\n  File \""/home/dmsal020813/src/py/solver/main.py\"", line 8, in <module>\n    import solver.bootstrap  # 반드시 먼저\n    ^^^^^^^^^^^^^^^^^^^^^^^\nModuleNotFoundError: No module named 'solver'\n""}"
149,2026-01-27 22:16:19.844693+09,c6bf6140-9880-447a-887d-66c86a9ee3a5,,PY_SOLVER,tool,TOOL_FAIL,,,,TOOL:PY_SOLVER,"{""error"": ""Error: [PY_SOLVER_JSON_PARSE_FAIL]\nstdout:\n\nstderr:\nTraceback (most recent call last):\n  File \""/home/dmsal020813/src/py/solver/main.py\"", line 8, in <module>\n    import solver.bootstrap  # 반드시 먼저\n    ^^^^^^^^^^^^^^^^^^^^^^^\nModuleNotFoundError: No module named 'solver'\n""}"
150,2026-01-27 22:21:41.819471+09,3a87bb80-46fa-4385-9edd-3a6af5529da0,,PY_SOLVER,tool,TOOL_FAIL,,,,TOOL:PY_SOLVER,"{""error"": ""Error: [PY_SOLVER_JSON_PARSE_FAIL]\nstdout:\n\nstderr:\nTraceback (most recent call last):\n  File \""/home/dmsal020813/src/py/solver/main.py\"", line 8, in <module>\n    import solver.bootstrap  # 반드시 먼저\n    ^^^^^^^^^^^^^^^^^^^^^^^\nModuleNotFoundError: No module named 'solver'\n""}"
151,2026-01-27 23:54:13.468317+09,b1e9d83a-ebba-45f9-930e-7f452da73602,,MARKET_DATA,tool,TOOL_FAIL,,,,TOOL:MARKET_DATA,"{""error"": ""Error: [PY_SOLVER_JSON_PARSE_FAIL]\nstdout:\n\nstderr:\nTraceback (most recent call last):\n  File \""/home/dmsal020813/src/py/solver/main.py\"", line 8, in <module>\n    import solver.bootstrap  # 반드시 먼저\n    ^^^^^^^^^^^^^^^^^^^^^^^\nModuleNotFoundError: No module named 'solver'\n""}"
152,2026-01-28 00:08:58.218356+09,c0ffb948-575b-4b44-a55d-c9e15d5c4f5c,,PY_SOLVER,tool,TOOL_FAIL,,,,TOOL:PY_SOLVER,"{""error"": ""Error: [PY_SOLVER_JSON_PARSE_FAIL]\nstdout:\n\nstderr:\nTraceback (most recent call last):\n  File \""/home/dmsal020813/src/py/solver/main.py\"", line 8, in <module>\n    import solver.bootstrap  # 반드시 먼저\n    ^^^^^^^^^^^^^^^^^^^^^^^\nModuleNotFoundError: No module named 'solver'\n""}"
153,2026-01-28 00:27:55.950828+09,a4ff5ad2-873c-486a-afa8-60f40e811add,,PY_SOLVER,tool,TOOL_FAIL,,,,TOOL:PY_SOLVER,"{""error"": ""Error: [PY_SOLVER_JSON_PARSE_FAIL]\nstdout:\n\nstderr:\nTraceback (most recent call last):\n  File \""/home/dmsal020813/src/py/solver/main.py\"", line 8, in <module>\n    import solver.bootstrap  # 반드시 먼저\n    ^^^^^^^^^^^^^^^^^^^^^^^\nModuleNotFoundError: No module named 'solver'\n""}"
154,2026-01-28 01:24:22.483572+09,9ea1c3d0-31ca-4478-b19c-cdb0b08f51ed,,MARKET_DATA,tool,TOOL_FAIL,,,,TOOL:MARKET_DATA,"{""error"": ""Error: [PY_SOLVER_JSON_PARSE_FAIL]\nstdout:\n\nstderr:\nTraceback (most recent call last):\n  File \""/home/dmsal020813/src/py/solver/main.py\"", line 8, in <module>\n    import solver.bootstrap  # 반드시 먼저\n    ^^^^^^^^^^^^^^^^^^^^^^^\nModuleNotFoundError: No module named 'solver'\n""}"
155,2026-01-28 02:35:23.914532+09,0f4b1686-a7d7-4b26-bc4b-c6f66642447b,,MARKET_DATA,tool,TOOL_FAIL,,,,TOOL:MARKET_DATA,"{""error"": ""Error: [PY_SOLVER_JSON_PARSE_FAIL]\nstdout:\n\nstderr:\nTraceback (most recent call last):\n  File \""/home/dmsal020813/src/py/solver/main.py\"", line 8, in <module>\n    import solver.bootstrap  # 반드시 먼저\n    ^^^^^^^^^^^^^^^^^^^^^^^\nModuleNotFoundError: No module named 'solver'\n""}"
156,2026-01-29 19:45:53.697184+09,3105b494-f3bb-4e04-ad78-eeae75cca92f,,MARKET_DATA,tool,TOOL_FAIL,,,,TOOL:MARKET_DATA,"{""error"": ""Error: [PY_SOLVER_JSON_PARSE_FAIL]\nstdout:\n\nstderr:\nTraceback (most recent call last):\n  File \""/home/dmsal020813/projects/yua-backend/src/py/solver/main.py\"", line 8, in <module>\n    import solver.bootstrap  # 반드시 먼저\n    ^^^^^^^^^^^^^^^^^^^^^^^\nModuleNotFoundError: No module named 'solver'\n""}"
157,2026-01-29 20:45:16.14334+09,531e6945-3041-454a-9626-bafec47687ce,,MARKET_DATA,tool,TOOL_FAIL,,,,TOOL:MARKET_DATA,"{""error"": ""Error: [PY_SOLVER_JSON_PARSE_FAIL]\nstdout:\n\nstderr:\nTraceback (most recent call last):\n  File \""/home/dmsal020813/projects/yua-backend/src/py/solver/main.py\"", line 8, in <module>\n    import solver.bootstrap  # 반드시 먼저\n    ^^^^^^^^^^^^^^^^^^^^^^^\nModuleNotFoundError: No module named 'solver'\n""}"
158,2026-01-30 14:51:31.328769+09,0d70cabd-e2b7-4416-8a8c-f8de20877cb0,,MARKET_DATA,tool,TOOL_FAIL,,,,TOOL:MARKET_DATA,"{""error"": ""Error: [PY_SOLVER_JSON_PARSE_FAIL]\nstdout:\n\nstderr:\nTraceback (most recent call last):\n  File \""/home/dmsal020813/projects/yua-backend/src/py/solver/main.py\"", line 8, in <module>\n    import solver.bootstrap  # 반드시 먼저\n    ^^^^^^^^^^^^^^^^^^^^^^^\nModuleNotFoundError: No module named 'solver'\n""}"
159,2026-01-30 14:54:45.008882+09,23f57c6b-d906-4fcf-8ac2-ba80769ee130,,MARKET_DATA,tool,TOOL_FAIL,,,,TOOL:MARKET_DATA,"{""error"": ""Error: [PY_SOLVER_JSON_PARSE_FAIL]\nstdout:\n\nstderr:\nTraceback (most recent call last):\n  File \""/home/dmsal020813/projects/yua-backend/src/py/solver/main.py\"", line 8, in <module>\n    import solver.bootstrap  # 반드시 먼저\n    ^^^^^^^^^^^^^^^^^^^^^^^\nModuleNotFoundError: No module named 'solver'\n""}"
160,2026-01-31 00:45:57.382293+09,f272ce43-c15c-44dc-991f-0460ea6b2670,,MARKET_DATA,tool,TOOL_FAIL,,,,TOOL:MARKET_DATA,"{""error"": ""Error: [PY_SOLVER_JSON_PARSE_FAIL]\nstdout:\n\nstderr:\nTraceback (most recent call last):\n  File \""/home/dmsal020813/projects/yua-backend/src/py/solver/main.py\"", line 8, in <module>\n    import solver.bootstrap  # 반드시 먼저\n    ^^^^^^^^^^^^^^^^^^^^^^^\nModuleNotFoundError: No module named 'solver'\n""}"
161,2026-01-31 22:05:58.548999+09,83f01aae-7e03-4020-b676-b30a962714c3,,MARKET_DATA,tool,TOOL_FAIL,,,,TOOL:MARKET_DATA,"{""error"": ""Error: [PY_SOLVER_JSON_PARSE_FAIL]\nstdout:\n\nstderr:\nTraceback (most recent call last):\n  File \""/home/dmsal020813/projects/yua-backend/src/py/solver/main.py\"", line 8, in <module>\n    import solver.bootstrap  # 반드시 먼저\n    ^^^^^^^^^^^^^^^^^^^^^^^\nModuleNotFoundError: No module named 'solver'\n""}"
162,2026-02-01 01:57:20.530605+09,dadd42de-b564-4128-9027-08c3b79daa45,,MARKET_DATA,tool,TOOL_FAIL,,,,TOOL:MARKET_DATA,"{""error"": ""Error: [PY_SOLVER_JSON_PARSE_FAIL]\nstdout:\n\nstderr:\nTraceback (most recent call last):\n  File \""/home/dmsal020813/projects/yua-backend/src/py/solver/main.py\"", line 8, in <module>\n    import solver.bootstrap  # 반드시 먼저\n    ^^^^^^^^^^^^^^^^^^^^^^^\nModuleNotFoundError: No module named 'solver'\n""}"
163,2026-02-01 03:35:10.909466+09,24dc5b42-5117-410e-9d5d-4ba6f091d005,,MARKET_DATA,tool,TOOL_FAIL,,,,TOOL:MARKET_DATA,"{""error"": ""Error: [PY_SOLVER_JSON_PARSE_FAIL]\nstdout:\n\nstderr:\nTraceback (most recent call last):\n  File \""/home/dmsal020813/projects/yua-backend/src/py/solver/main.py\"", line 8, in <module>\n    import solver.bootstrap  # 반드시 먼저\n    ^^^^^^^^^^^^^^^^^^^^^^^\nModuleNotFoundError: No module named 'solver'\n""}"
164,2026-02-01 13:40:25.895183+09,9cdf9451-ed46-4bf0-84f5-06ae58c8ca47,,MARKET_DATA,tool,TOOL_FAIL,,,,TOOL:MARKET_DATA,"{""error"": ""Error: [PY_SOLVER_JSON_PARSE_FAIL]\nstdout:\n\nstderr:\nTraceback (most recent call last):\n  File \""/home/dmsal020813/projects/yua-backend/src/py/solver/main.py\"", line 8, in <module>\n    import solver.bootstrap  # 반드시 먼저\n    ^^^^^^^^^^^^^^^^^^^^^^^\nModuleNotFoundError: No module named 'solver'\n""}"
165,2026-02-01 19:48:23.512513+09,fc93511a-1806-4588-9943-7cde4af61fe7,,MARKET_DATA,tool,TOOL_FAIL,,,,TOOL:MARKET_DATA,"{""error"": ""Error: [PY_SOLVER_JSON_PARSE_FAIL]\nstdout:\n\nstderr:\nTraceback (most recent call last):\n  File \""/home/dmsal020813/projects/yua-backend/src/py/solver/main.py\"", line 8, in <module>\n    import solver.bootstrap  # 반드시 먼저\n    ^^^^^^^^^^^^^^^^^^^^^^^\nModuleNotFoundError: No module named 'solver'\n""}"
166,2026-02-01 23:45:13.120903+09,417c97fc-6b63-49e8-a32a-b731ab7bbd52,,MARKET_DATA,tool,TOOL_FAIL,,,,TOOL:MARKET_DATA,"{""error"": ""Error: [PY_SOLVER_JSON_PARSE_FAIL]\nstdout:\n\nstderr:\nTraceback (most recent call last):\n  File \""/home/dmsal020813/projects/yua-backend/src/py/solver/main.py\"", line 8, in <module>\n    import solver.bootstrap  # 반드시 먼저\n    ^^^^^^^^^^^^^^^^^^^^^^^\nModuleNotFoundError: No module named 'solver'\n""}"
167,2026-02-03 12:44:27.134978+09,7d4f0c28-fd0d-4aa9-805d-e91e5caaea8e,,MARKET_DATA,tool,TOOL_FAIL,,,,TOOL:MARKET_DATA,"{""error"": ""Error: [PY_SOLVER_JSON_PARSE_FAIL]\nstdout:\n\nstderr:\nTraceback (most recent call last):\n  File \""/home/dmsal020813/projects/yua-backend/src/py/solver/main.py\"", line 8, in <module>\n    import solver.bootstrap  # 반드시 먼저\n    ^^^^^^^^^^^^^^^^^^^^^^^\nModuleNotFoundError: No module named 'solver'\n""}"
168,2026-02-03 13:25:31.234078+09,e3980454-12f5-4c87-9dec-9a30e4da6dda,,MARKET_DATA,tool,TOOL_FAIL,,,,TOOL:MARKET_DATA,"{""error"": ""Error: [PY_SOLVER_JSON_PARSE_FAIL]\nstdout:\n\nstderr:\nTraceback (most recent call last):\n  File \""/home/dmsal020813/projects/yua-backend/src/py/solver/main.py\"", line 8, in <module>\n    import solver.bootstrap  # 반드시 먼저\n    ^^^^^^^^^^^^^^^^^^^^^^^\nModuleNotFoundError: No module named 'solver'\n""}"
169,2026-02-03 13:41:27.371979+09,42eb78f2-ce4f-4b74-a7ba-832693275988,,MARKET_DATA,tool,TOOL_FAIL,,,,TOOL:MARKET_DATA,"{""error"": ""Error: [PY_SOLVER_JSON_PARSE_FAIL]\nstdout:\n\nstderr:\nTraceback (most recent call last):\n  File \""/home/dmsal020813/projects/yua-backend/src/py/solver/main.py\"", line 8, in <module>\n    import solver.bootstrap  # 반드시 먼저\n    ^^^^^^^^^^^^^^^^^^^^^^^\nModuleNotFoundError: No module named 'solver'\n""}"
170,2026-02-03 18:59:20.998476+09,43e4973d-6834-4a76-834c-f6a2fd4b2ba0,,MARKET_DATA,tool,TOOL_FAIL,,,,TOOL:MARKET_DATA,"{""error"": ""Error: [PY_SOLVER_JSON_PARSE_FAIL]\nstdout:\n\nstderr:\nTraceback (most recent call last):\n  File \""/home/dmsal020813/projects/yua-backend/src/py/solver/main.py\"", line 8, in <module>\n    import solver.bootstrap  # 반드시 먼저\n    ^^^^^^^^^^^^^^^^^^^^^^^\nModuleNotFoundError: No module named 'solver'\n""}"
171,2026-02-03 19:46:06.975283+09,9a7c6c92-cc60-48e3-a5ff-5fa0b693c137,,MARKET_DATA,tool,TOOL_FAIL,,,,TOOL:MARKET_DATA,"{""error"": ""Error: [PY_SOLVER_JSON_PARSE_FAIL]\nstdout:\n\nstderr:\nTraceback (most recent call last):\n  File \""/home/dmsal020813/projects/yua-backend/src/py/solver/main.py\"", line 8, in <module>\n    import solver.bootstrap  # 반드시 먼저\n    ^^^^^^^^^^^^^^^^^^^^^^^\nModuleNotFoundError: No module named 'solver'\n""}"
172,2026-02-03 21:11:54.411952+09,217fe6bf-f238-4e44-b6e0-a5a0029f7509,,MARKET_DATA,tool,TOOL_FAIL,,,,TOOL:MARKET_DATA,"{""error"": ""Error: [PY_SOLVER_JSON_PARSE_FAIL]\nstdout:\n\nstderr:\nTraceback (most recent call last):\n  File \""/home/dmsal020813/projects/yua-backend/src/py/solver/main.py\"", line 8, in <module>\n    import solver.bootstrap  # 반드시 먼저\n    ^^^^^^^^^^^^^^^^^^^^^^^\nModuleNotFoundError: No module named 'solver'\n""}"
173,2026-02-03 22:43:43.099663+09,a7eeaee6-5651-4a96-994a-dddde471414b,,MARKET_DATA,tool,TOOL_FAIL,,,,TOOL:MARKET_DATA,"{""error"": ""Error: [PY_SOLVER_JSON_PARSE_FAIL]\nstdout:\n\nstderr:\nTraceback (most recent call last):\n  File \""/home/dmsal020813/projects/yua-backend/src/py/solver/main.py\"", line 8, in <module>\n    import solver.bootstrap  # 반드시 먼저\n    ^^^^^^^^^^^^^^^^^^^^^^^\nModuleNotFoundError: No module named 'solver'\n""}"
174,2026-02-04 00:26:57.751739+09,f65ad3dc-27c0-4eb6-a1a5-45fafafade66,,MARKET_DATA,tool,TOOL_FAIL,,,,TOOL:MARKET_DATA,"{""error"": ""Error: [PY_SOLVER_JSON_PARSE_FAIL]\nstdout:\n\nstderr:\nTraceback (most recent call last):\n  File \""/home/dmsal020813/projects/yua-backend/src/py/solver/main.py\"", line 8, in <module>\n    import solver.bootstrap  # 반드시 먼저\n    ^^^^^^^^^^^^^^^^^^^^^^^\nModuleNotFoundError: No module named 'solver'\n""}"
175,2026-02-04 01:06:07.414762+09,f42e531d-5275-4287-8455-c44488883275,,MARKET_DATA,tool,TOOL_FAIL,,,,TOOL:MARKET_DATA,"{""error"": ""Error: [PY_SOLVER_JSON_PARSE_FAIL]\nstdout:\n\nstderr:\nTraceback (most recent call last):\n  File \""/home/dmsal020813/projects/yua-backend/src/py/solver/main.py\"", line 8, in <module>\n    import solver.bootstrap  # 반드시 먼저\n    ^^^^^^^^^^^^^^^^^^^^^^^\nModuleNotFoundError: No module named 'solver'\n""}"
176,2026-02-04 01:25:26.07813+09,069d993e-6fde-40d5-838e-8e3cdab0a8f6,,MARKET_DATA,tool,TOOL_FAIL,,,,TOOL:MARKET_DATA,"{""error"": ""Error: [PY_SOLVER_JSON_PARSE_FAIL]\nstdout:\n\nstderr:\nTraceback (most recent call last):\n  File \""/home/dmsal020813/projects/yua-backend/src/py/solver/main.py\"", line 8, in <module>\n    import solver.bootstrap  # 반드시 먼저\n    ^^^^^^^^^^^^^^^^^^^^^^^\nModuleNotFoundError: No module named 'solver'\n""}"
177,2026-02-04 01:25:36.297579+09,4b80ca8b-c35f-4df3-bb57-75ab8db74d6d,,MARKET_DATA,tool,TOOL_FAIL,,,,TOOL:MARKET_DATA,"{""error"": ""Error: [PY_SOLVER_JSON_PARSE_FAIL]\nstdout:\n\nstderr:\nTraceback (most recent call last):\n  File \""/home/dmsal020813/projects/yua-backend/src/py/solver/main.py\"", line 8, in <module>\n    import solver.bootstrap  # 반드시 먼저\n    ^^^^^^^^^^^^^^^^^^^^^^^\nModuleNotFoundError: No module named 'solver'\n""}"
178,2026-02-04 01:26:15.619125+09,4a54873a-0aaa-44eb-aa43-4a6103ab8820,,MARKET_DATA,tool,TOOL_FAIL,,,,TOOL:MARKET_DATA,"{""error"": ""Error: [PY_SOLVER_JSON_PARSE_FAIL]\nstdout:\n\nstderr:\nTraceback (most recent call last):\n  File \""/home/dmsal020813/projects/yua-backend/src/py/solver/main.py\"", line 8, in <module>\n    import solver.bootstrap  # 반드시 먼저\n    ^^^^^^^^^^^^^^^^^^^^^^^\nModuleNotFoundError: No module named 'solver'\n""}"
179,2026-02-04 10:19:52.144882+09,c659152f-b880-4006-9a62-af0ec6275de3,,MARKET_DATA,tool,TOOL_FAIL,,,,TOOL:MARKET_DATA,"{""error"": ""Error: [PY_SOLVER_JSON_PARSE_FAIL]\nstdout:\n\nstderr:\nTraceback (most recent call last):\n  File \""/home/dmsal020813/projects/yua-backend/src/py/solver/main.py\"", line 8, in <module>\n    import solver.bootstrap  # 반드시 먼저\n    ^^^^^^^^^^^^^^^^^^^^^^^\nModuleNotFoundError: No module named 'solver'\n""}"
180,2026-02-04 10:47:05.146572+09,0bb6e331-b4ef-41b1-a059-1737ea2149b7,,MARKET_DATA,tool,TOOL_FAIL,,,,TOOL:MARKET_DATA,"{""error"": ""Error: [PY_SOLVER_JSON_PARSE_FAIL]\nstdout:\n\nstderr:\nTraceback (most recent call last):\n  File \""/home/dmsal020813/projects/yua-backend/src/py/solver/main.py\"", line 8, in <module>\n    import solver.bootstrap  # 반드시 먼저\n    ^^^^^^^^^^^^^^^^^^^^^^^\nModuleNotFoundError: No module named 'solver'\n""}"
181,2026-02-04 11:06:38.828869+09,c99e51e5-6256-4d18-8e17-d45fdc2b5611,,MARKET_DATA,tool,TOOL_FAIL,,,,TOOL:MARKET_DATA,"{""error"": ""Error: [PY_SOLVER_JSON_PARSE_FAIL]\nstdout:\n\nstderr:\nTraceback (most recent call last):\n  File \""/home/dmsal020813/projects/yua-backend/src/py/solver/main.py\"", line 8, in <module>\n    import solver.bootstrap  # 반드시 먼저\n    ^^^^^^^^^^^^^^^^^^^^^^^\nModuleNotFoundError: No module named 'solver'\n""}"
182,2026-02-04 21:15:42.900269+09,59ef240b-e5a4-497f-9747-af7562d2ecbf,,MARKET_DATA,tool,TOOL_FAIL,,,,TOOL:MARKET_DATA,"{""error"": ""Error: [PY_SOLVER_JSON_PARSE_FAIL]\nstdout:\n\nstderr:\nTraceback (most recent call last):\n  File \""/home/dmsal020813/projects/yua-backend/src/py/solver/main.py\"", line 8, in <module>\n    import solver.bootstrap  # 반드시 먼저\n    ^^^^^^^^^^^^^^^^^^^^^^^\nModuleNotFoundError: No module named 'solver'\n""}"
183,2026-02-05 18:57:46.508019+09,eacbc0df-0c14-4657-b85b-d457189d73a1,,MARKET_DATA,tool,TOOL_FAIL,,,,TOOL:MARKET_DATA,"{""error"": ""Error: [PY_SOLVER_JSON_PARSE_FAIL]\nstdout:\n\nstderr:\nTraceback (most recent call last):\n  File \""/home/dmsal020813/projects/yua-backend/src/py/solver/main.py\"", line 8, in <module>\n    import solver.bootstrap  # 반드시 먼저\n    ^^^^^^^^^^^^^^^^^^^^^^^\nModuleNotFoundError: No module named 'solver'\n""}"
184,2026-02-05 19:24:46.104561+09,a85b8bad-4677-430f-9a41-37c025bb089d,,MARKET_DATA,tool,TOOL_FAIL,,,,TOOL:MARKET_DATA,"{""error"": ""Error: [PY_SOLVER_JSON_PARSE_FAIL]\nstdout:\n\nstderr:\nTraceback (most recent call last):\n  File \""/home/dmsal020813/projects/yua-backend/src/py/solver/main.py\"", line 8, in <module>\n    import solver.bootstrap  # 반드시 먼저\n    ^^^^^^^^^^^^^^^^^^^^^^^\nModuleNotFoundError: No module named 'solver'\n""}"
185,2026-02-08 18:17:15.745336+09,d6f1f49d-b7c8-45ff-acae-f918e345decc,,MARKET_DATA,tool,TOOL_FAIL,,,,TOOL:MARKET_DATA,"{""error"": ""Error: [PY_SOLVER_JSON_PARSE_FAIL]\nstdout:\n\nstderr:\nTraceback (most recent call last):\n  File \""/home/dmsal020813/projects/yua-backend/src/py/solver/main.py\"", line 8, in <module>\n    import solver.bootstrap  # 반드시 먼저\n    ^^^^^^^^^^^^^^^^^^^^^^^\nModuleNotFoundError: No module named 'solver'\n""}"
186,2026-02-09 22:16:42.290164+09,d46c4591-bb6d-4e8c-8e1e-993476fc2d68,,MARKET_DATA,tool,TOOL_FAIL,,,,TOOL:MARKET_DATA,"{""error"": ""Error: [PY_SOLVER_JSON_PARSE_FAIL]\nstdout:\n\nstderr:\nTraceback (most recent call last):\n  File \""/home/dmsal020813/projects/yua-backend/src/py/solver/main.py\"", line 8, in <module>\n    import solver.bootstrap  # 반드시 먼저\n    ^^^^^^^^^^^^^^^^^^^^^^^\nModuleNotFoundError: No module named 'solver'\n""}"
187,2026-02-09 22:39:52.260487+09,c44ce8d6-a7f2-40b8-bf8a-3afd2b5d3f15,,MARKET_DATA,tool,TOOL_FAIL,,,,TOOL:MARKET_DATA,"{""error"": ""Error: [PY_SOLVER_JSON_PARSE_FAIL]\nstdout:\n\nstderr:\nTraceback (most recent call last):\n  File \""/home/dmsal020813/projects/yua-backend/src/py/solver/main.py\"", line 8, in <module>\n    import solver.bootstrap  # 반드시 먼저\n    ^^^^^^^^^^^^^^^^^^^^^^^\nModuleNotFoundError: No module named 'solver'\n""}"
188,2026-02-10 18:14:17.467865+09,04056754-58d6-4080-a640-58c618092064,,MARKET_DATA,tool,TOOL_FAIL,,,,TOOL:MARKET_DATA,"{""error"": ""Error: [PY_SOLVER_JSON_PARSE_FAIL]\nstdout:\n\nstderr:\nTraceback (most recent call last):\n  File \""/home/dmsal020813/projects/yua-backend/src/py/solver/main.py\"", line 8, in <module>\n    import solver.bootstrap  # 반드시 먼저\n    ^^^^^^^^^^^^^^^^^^^^^^^\nModuleNotFoundError: No module named 'solver'\n""}"
189,2026-02-10 20:52:53.648305+09,a854516b-0b4b-4dd2-9566-a46386f58411,,MARKET_DATA,tool,TOOL_FAIL,,,,TOOL:MARKET_DATA,"{""error"": ""Error: [PY_SOLVER_JSON_PARSE_FAIL]\nstdout:\n\nstderr:\nTraceback (most recent call last):\n  File \""/home/dmsal020813/projects/yua-backend/src/py/solver/main.py\"", line 8, in <module>\n    import solver.bootstrap  # 반드시 먼저\n    ^^^^^^^^^^^^^^^^^^^^^^^\nModuleNotFoundError: No module named 'solver'\n""}"
190,2026-02-13 23:16:44.515902+09,1b703d9e-30a0-489b-bc32-f9a9514f20d7,,MARKET_DATA,tool,TOOL_FAIL,,,,TOOL:MARKET_DATA,"{""error"": ""Error: [PY_SOLVER_JSON_PARSE_FAIL]\nstdout:\n\nstderr:\nTraceback (most recent call last):\n  File \""/home/dmsal020813/projects/yua-backend/src/py/solver/main.py\"", line 8, in <module>\n    import solver.bootstrap  # 반드시 먼저\n    ^^^^^^^^^^^^^^^^^^^^^^^\nModuleNotFoundError: No module named 'solver'\n""}"
191,2026-02-13 23:20:21.893553+09,c6542974-3dbe-4115-a9f2-74a826e57cdd,,MARKET_DATA,tool,TOOL_FAIL,,,,TOOL:MARKET_DATA,"{""error"": ""Error: [PY_SOLVER_JSON_PARSE_FAIL]\nstdout:\n\nstderr:\nTraceback (most recent call last):\n  File \""/home/dmsal020813/projects/yua-backend/src/py/solver/main.py\"", line 8, in <module>\n    import solver.bootstrap  # 반드시 먼저\n    ^^^^^^^^^^^^^^^^^^^^^^^\nModuleNotFoundError: No module named 'solver'\n""}"
192,2026-02-14 22:23:02.537064+09,1ec56eb0-0d5b-449c-b907-8d721146a98a,,MARKET_DATA,tool,TOOL_FAIL,,,,TOOL:MARKET_DATA,"{""error"": ""Error: [PY_SOLVER_JSON_PARSE_FAIL]\nstdout:\n\nstderr:\nTraceback (most recent call last):\n  File \""/home/dmsal020813/projects/yua-backend/src/py/solver/main.py\"", line 8, in <module>\n    import solver.bootstrap  # 반드시 먼저\n    ^^^^^^^^^^^^^^^^^^^^^^^\nModuleNotFoundError: No module named 'solver'\n""}"
193,2026-02-16 18:28:03.864593+09,946906da-ea8f-43c3-8d2c-12185dc4aa61,,MARKET_DATA,tool,TOOL_FAIL,,,,TOOL:MARKET_DATA,"{""error"": ""Error: [PY_SOLVER_JSON_PARSE_FAIL]\nstdout:\n\nstderr:\nTraceback (most recent call last):\n  File \""/home/dmsal020813/projects/yua-backend/src/py/solver/main.py\"", line 8, in <module>\n    import solver.bootstrap  # 반드시 먼저\n    ^^^^^^^^^^^^^^^^^^^^^^^\nModuleNotFoundError: No module named 'solver'\n""}"
194,2026-02-17 19:49:48.957498+09,748a3047-c448-416e-b2fd-d2dab2dcfe59,,MARKET_DATA,tool,TOOL_FAIL,,,,TOOL:MARKET_DATA,"{""error"": ""Error: [PY_SOLVER_JSON_PARSE_FAIL]\nstdout:\n\nstderr:\nTraceback (most recent call last):\n  File \""/home/dmsal020813/projects/yua-backend/src/py/solver/main.py\"", line 8, in <module>\n    import solver.bootstrap  # 반드시 먼저\n    ^^^^^^^^^^^^^^^^^^^^^^^\nModuleNotFoundError: No module named 'solver'\n""}"
195,2026-02-17 19:57:37.891134+09,31afbd4d-7003-41a4-922d-0ef3ce97679a,,MARKET_DATA,tool,TOOL_FAIL,,,,TOOL:MARKET_DATA,"{""error"": ""Error: [PY_SOLVER_JSON_PARSE_FAIL]\nstdout:\n\nstderr:\nTraceback (most recent call last):\n  File \""/home/dmsal020813/projects/yua-backend/src/py/solver/main.py\"", line 8, in <module>\n    import solver.bootstrap  # 반드시 먼저\n    ^^^^^^^^^^^^^^^^^^^^^^^\nModuleNotFoundError: No module named 'solver'\n""}"
196,2026-02-18 14:56:06.610297+09,1d76f303-b703-4165-b955-bd868a474f1f,,MARKET_DATA,tool,TOOL_FAIL,,,,TOOL:MARKET_DATA,"{""error"": ""Error: [PY_SOLVER_JSON_PARSE_FAIL]\nstdout:\n\nstderr:\nTraceback (most recent call last):\n  File \""/home/dmsal020813/projects/yua-backend/src/py/solver/main.py\"", line 8, in <module>\n    import solver.bootstrap  # 반드시 먼저\n    ^^^^^^^^^^^^^^^^^^^^^^^\nModuleNotFoundError: No module named 'solver'\n""}"
197,2026-02-18 15:25:10.549541+09,17d9cc95-d1d4-4d93-aa19-ae045306dd67,,MARKET_DATA,tool,TOOL_FAIL,,,,TOOL:MARKET_DATA,"{""error"": ""Error: [PY_SOLVER_JSON_PARSE_FAIL]\nstdout:\n\nstderr:\nTraceback (most recent call last):\n  File \""/home/dmsal020813/projects/yua-backend/src/py/solver/main.py\"", line 8, in <module>\n    import solver.bootstrap  # 반드시 먼저\n    ^^^^^^^^^^^^^^^^^^^^^^^\nModuleNotFoundError: No module named 'solver'\n""}"
198,2026-02-18 15:29:11.034158+09,3fa881c5-9da9-46fd-aa76-7c24ba1ba5cf,,MARKET_DATA,tool,TOOL_FAIL,,,,TOOL:MARKET_DATA,"{""error"": ""Error: [PY_SOLVER_JSON_PARSE_FAIL]\nstdout:\n\nstderr:\nTraceback (most recent call last):\n  File \""/home/dmsal020813/projects/yua-backend/src/py/solver/main.py\"", line 8, in <module>\n    import solver.bootstrap  # 반드시 먼저\n    ^^^^^^^^^^^^^^^^^^^^^^^\nModuleNotFoundError: No module named 'solver'\n""}"
199,2026-02-18 21:35:37.332237+09,8bfd5842-ec27-4692-972c-de266e42b781,,MARKET_DATA,tool,TOOL_FAIL,,,,TOOL:MARKET_DATA,"{""error"": ""Error: [PY_SOLVER_JSON_PARSE_FAIL]\nstdout:\n\nstderr:\nTraceback (most recent call last):\n  File \""/home/dmsal020813/projects/yua-backend/src/py/solver/main.py\"", line 8, in <module>\n    import solver.bootstrap  # 반드시 먼저\n    ^^^^^^^^^^^^^^^^^^^^^^^\nModuleNotFoundError: No module named 'solver'\n""}"
200,2026-02-18 22:14:52.42969+09,56ceb1bc-c4ae-4625-b046-299557e1a930,,MARKET_DATA,tool,TOOL_FAIL,,,,TOOL:MARKET_DATA,"{""error"": ""Error: [PY_SOLVER_JSON_PARSE_FAIL]\nstdout:\n\nstderr:\nTraceback (most recent call last):\n  File \""/home/dmsal020813/projects/yua-backend/src/py/solver/main.py\"", line 8, in <module>\n    import solver.bootstrap  # 반드시 먼저\n    ^^^^^^^^^^^^^^^^^^^^^^^\nModuleNotFoundError: No module named 'solver'\n""}"
201,2026-02-19 00:39:49.097452+09,6e2553ba-3f97-47cc-87a5-2fee4826a6c5,,MARKET_DATA,tool,TOOL_FAIL,,,,TOOL:MARKET_DATA,"{""error"": ""Error: [PY_SOLVER_JSON_PARSE_FAIL]\nstdout:\n\nstderr:\nTraceback (most recent call last):\n  File \""/home/dmsal020813/projects/yua-backend/src/py/solver/main.py\"", line 8, in <module>\n    import solver.bootstrap  # 반드시 먼저\n    ^^^^^^^^^^^^^^^^^^^^^^^\nModuleNotFoundError: No module named 'solver'\n""}"
202,2026-02-19 11:43:08.2747+09,ab1054c2-02f9-4a47-9ec3-9785e86824c8,,PY_SOLVER,tool,TOOL_FAIL,,,,TOOL:PY_SOLVER,"{""error"": ""Error: [PY_SOLVER_JSON_PARSE_FAIL]\nstdout:\n\nstderr:\nTraceback (most recent call last):\n  File \""/home/dmsal020813/projects/yua-backend/src/py/solver/main.py\"", line 8, in <module>\n    import solver.bootstrap  # 반드시 먼저\n    ^^^^^^^^^^^^^^^^^^^^^^^\nModuleNotFoundError: No module named 'solver'\n""}"
203,2026-03-06 22:47:22.334014+09,56bcc0b2-afa7-4c7b-9fe5-a8803f6d49c8,999,unknown,stream,ABORT,,,,STREAM:ABORT,""
204,2026-03-08 01:25:19.597708+09,1244b510-afa6-4f9e-935b-5be9308c95b7,1008,unknown,stream,ABORT,,,,STREAM:ABORT,""
205,2026-03-08 01:49:09.415394+09,548ef0b2-a283-4ec4-8f57-d94212ded6d9,1009,unknown,stream,ABORT,,,,STREAM:ABORT,""
206,2026-03-08 01:49:30.9683+09,2c0e7ef1-972d-4c11-a1d1-bcfd269c73e3,1009,unknown,stream,ABORT,,,,STREAM:ABORT,""
207,2026-03-08 21:25:39.195145+09,bf0220b4-4623-43ad-8bb6-282d827029b9,1019,unknown,stream,ABORT,,,,STREAM:ABORT,""
